Workbook

Sheet Critères
A1: =#REF! -> #REF!
A2: Thématique | B2: Critère | C2: Recommandation | D2: Validation
A3: IMAGES | B3: 1.1 | C3: Chaque image porteuse d’information a-t-elle une alternative textuelle ? | D3: ='P01'!$D4 -> NT
B4: 1.2 | C4: Chaque image de décoration est-elle correctement ignorée par les technologies d’assistance ? | D4: ='P01'!$D5 -> NT
B5: 1.3 | C5: Pour chaque image porteuse d'information ayant une alternative textuelle, cette alternative est-elle pertinente (hors cas particuliers) ? | D5: ='P01'!$D6 -> NT
B6: 1.4 | C6: Pour chaque image utilisée comme CAPTCHA ou comme image-test, ayant une alternative textuelle, cette alternative permet-elle d’identifier la nature et la fonction de l’image ? | D6: ='P01'!$D7 -> NT
B7: 1.5 | C7: Pour chaque image utilisée comme CAPTCHA, une solution d’accès alternatif au contenu ou à la fonction du CAPTCHA est-elle présente ? | D7: ='P01'!$D8 -> NT
B8: 1.6 | C8: Chaque image porteuse d’information a-t-elle, si nécessaire, une description détaillée ? | D8: ='P01'!$D9 -> NT
B9: 1.7 | C9: Pour chaque image porteuse d’information ayant une description détaillée, cette description est-elle pertinente ? | D9: ='P01'!$D10 -> NT
B10: 1.8 | C10: Chaque image texte porteuse d’information, en l’absence d’un mécanisme de remplacement, doit si possible être remplacée par du texte stylé. Cette règle est-elle respectée (hors cas particuliers) ? | D10: ='P01'!$D11 -> NT
B11: 1.9 | C11: Chaque légende d’image est-elle, si nécessaire, correctement reliée à l’image correspondante ? | D11: ='P01'!$D12 -> NT
A13: CADRES | B13: 2.1 | C13: Chaque cadre a-t-il un titre de cadre ? | D13: ='P01'!$D13 -> NT
B14: 2.2 | C14: Pour chaque cadre ayant un titre de cadre, ce titre de cadre est-il pertinent ? | D14: ='P01'!$D14 -> NT
A16: COULEURS | B16: 3.1 | C16: Dans chaque page web, l’information ne doit pas être donnée uniquement par la couleur. Cette règle est-elle respectée ? | D16: ='P01'!$D15 -> NT
B17: 3.2 | C17: Dans chaque page web, le contraste entre la couleur du texte et la couleur de son arrière-plan est-il suffisamment élevé (hors cas particuliers) ? | D17: ='P01'!$D16 -> NT
B18: 3.3 | C18: Dans chaque page web, les couleurs utilisées dans les composants d’interface ou les éléments graphiques porteurs d’informations sont-elles suffisamment contrastées (hors cas particuliers) ? | D18: ='P01'!$D17 -> NT
A20: MULTIMÉDIA | B20: 4.1 | C20: Chaque média temporel pré-enregistré a-t-il, si nécessaire, une transcription textuelle ou une audiodescription (hors cas particuliers) ? | D20: ='P01'!$D18 -> NT
B21: 4.2 | C21: Pour chaque média temporel pré-enregistré ayant une transcription textuelle ou une audiodescription synchronisée, celles-ci sont-elles pertinentes (hors cas particuliers) ? | D21: ='P01'!$D19 -> NT
B22: 4.3 | C22: Chaque média temporel synchronisé pré-enregistré a-t-il, si nécessaire, des sous-titres synchronisés (hors cas particuliers) ? | D22: ='P01'!$D20 -> NT
B23: 4.4 | C23: Pour chaque média temporel synchronisé pré-enregistré ayant des sous-titres synchronisés, ces sous-titres sont-ils pertinents ? | D23: ='P01'!$D21 -> NT
B24: 4.5 | C24: Chaque média temporel pré-enregistré a-t-il, si nécessaire, une audiodescription synchronisée (hors cas particuliers) ? | D24: ='P01'!$D22 -> NT
B25: 4.6 | C25: Pour chaque média temporel pré-enregistré ayant une audiodescription synchronisée, celle-ci est-elle pertinente ? | D25: ='P01'!$D23 -> NT
B26: 4.7 | C26: Chaque média temporel est-il clairement identifiable (hors cas particuliers) ? | D26: ='P01'!$D24 -> NT
B27: 4.8 | C27: Chaque média non temporel a-t-il, si nécessaire, une alternative (hors cas particuliers) ? | D27: ='P01'!$D25 -> NT
B28: 4.9 | C28: Pour chaque média non temporel ayant une alternative, cette alternative est-elle pertinente ? | D28: ='P01'!$D26 -> NT
B29: 4.10 | C29: Chaque son déclenché automatiquement est-il contrôlable par l’utilisateur ? | D29: ='P01'!$D27 -> NT
B30: 4.11 | C30: La consultation de chaque média temporel est-elle, si nécessaire, contrôlable par le clavier et tout dispositif de pointage ? | D30: ='P01'!$D28 -> NT
B31: 4.12 | C31: La consultation de chaque média non temporel est-elle contrôlable par le clavier et tout dispositif de pointage ? | D31: ='P01'!$D29 -> NT
B32: 4.13 | C32: Chaque média temporel et non temporel est-il compatible avec les technologies d’assistance (hors cas particuliers) ? | D32: ='P01'!$D30 -> NT
A34: TABLEAUX | B34: 5.1 | C34: Chaque tableau de données complexe a-t-il un résumé ? | D34: ='P01'!$D31 -> NT
B35: 5.2 | C35: Pour chaque tableau de données complexe ayant un résumé, celui-ci est-il pertinent ? | D35: ='P01'!$D32 -> NT
B36: 5.3 | C36: Pour chaque tableau de mise en forme, le contenu linéarisé reste-t-il compréhensible ? | D36: ='P01'!$D33 -> NT
B37: 5.4 | C37: Pour chaque tableau de données ayant un titre, le titre est-il correctement associé au tableau de données ? | D37: ='P01'!$D34 -> NT
B38: 5.5 | C38: Pour chaque tableau de données ayant un titre, celui-ci est-il pertinent ? | D38: ='P01'!$D35 -> NT
B39: 5.6 | C39: Pour chaque tableau de données, chaque en-tête de colonnes et chaque en-tête de lignes sont-ils correctement déclarés ? | D39: ='P01'!$D36 -> NT
B40: 5.7 | C40: Pour chaque tableau de données, la technique appropriée permettant d’associer chaque cellule avec ses en-têtes est-elle utilisée (hors cas particuliers) ? | D40: ='P01'!$D37 -> NT
B41: 5.8 | C41: Chaque tableau de mise en forme ne doit pas utiliser d’éléments propres aux tableaux de données. Cette règle est-elle respectée ? | D41: ='P01'!$D38 -> NT
A43: LIENS | B43: 6.1 | C43: Chaque lien est-il explicite (hors cas particuliers) ? | D43: ='P01'!$D39 -> NT
B44: 6.2 | C44: Dans chaque page web, chaque lien a-t-il un intitulé ? | D44: ='P01'!$D40 -> NT
A46: SCRIPTS | B46: 7.1 | C46: Chaque script est-il, si nécessaire, compatible avec les technologies d’assistance ? | D46: ='P01'!$D41 -> NT
B47: 7.2 | C47: Pour chaque script ayant une alternative, cette alternative est-elle pertinente ? | D47: ='P01'!$D42 -> NT
B48: 7.3 | C48: Chaque script est-il contrôlable par le clavier et par tout dispositif de pointage (hors cas particuliers) ? | D48: ='P01'!$D43 -> NT
B49: 7.4 | C49: Pour chaque script qui initie un changement de contexte, l’utilisateur est-il averti ou en a-t-il le contrôle ? | D49: ='P01'!$D44 -> NT
B50: 7.5 | C50: Dans chaque page web, les messages de statut sont-ils correctement restitués par les technologies d’assistance ? | D50: ='P01'!$D45 -> NT
A52: ÉLÉMENTS OBLIGATOIRES | B52: 8.1 | C52: Chaque page web est-elle définie par un type de document ? | D52: ='P01'!$D46 -> NT
B53: 8.2 | C53: Pour chaque page web, le code source généré est-il valide selon le type de document spécifié (hors cas particuliers) ? | D53: ='P01'!$D47 -> NT
B54: 8.3 | C54: Dans chaque page web, la langue par défaut est-elle présente ? | D54: ='P01'!$D48 -> NT
B55: 8.4 | C55: Pour chaque page web ayant une langue par défaut, le code de langue est-il pertinent ? | D55: ='P01'!$D49 -> NT
B56: 8.5 | C56: Chaque page web a-t-elle un titre de page ? | D56: ='P01'!$D50 -> NT
B57: 8.6 | C57: Pour chaque page web ayant un titre de page, ce titre est-il pertinent ? | D57: ='P01'!$D51 -> NT
B58: 8.7 | C58: Dans chaque page web, chaque changement de langue est-il indiqué dans le code source (hors cas particuliers) ? | D58: ='P01'!$D52 -> NT
B59: 8.8 | C59: Dans chaque page web, le code de langue de chaque changement de langue est-il valide et pertinent ? | D59: ='P01'!$D53 -> NT
B60: 8.9 | C60: Dans chaque page web, les balises ne doivent pas être utilisées uniquement à des fins de présentation. Cette règle est-elle respectée ? | D60: ='P01'!$D54 -> NT
B61: 8.10 | C61: Dans chaque page web, les changements du sens de lecture sont-ils signalés ? | D61: ='P01'!$D55 -> NT
A63: STRUCTURATION | B63: 9.1 | C63: Dans chaque page web, l’information est-elle structurée par l’utilisation appropriée de titres ? | D63: ='P01'!$D56 -> NT
B64: 9.2 | C64: Dans chaque page web, la structure du document est-elle cohérente (hors cas particuliers) ? | D64: ='P01'!$D57 -> NT
B65: 9.3 | C65: Dans chaque page web, chaque liste est-elle correctement structurée ? | D65: ='P01'!$D58 -> NT
B66: 9.4 | C66: Dans chaque page web, chaque citation est-elle correctement indiquée ? | D66: ='P01'!$D59 -> NT
A68: PRÉSENTATION | B68: 10.1 | C68: Dans le site web, des feuilles de styles sont-elles utilisées pour contrôler la présentation de l’information ? | D68: ='P01'!$D60 -> NT
B69: 10.2 | C69: Dans chaque page web, le contenu visible porteur d’information reste-t-il présent lorsque les feuilles de styles sont désactivées ? | D69: ='P01'!$D61 -> NT
B70: 10.3 | C70: Dans chaque page web, l’information reste-t-elle compréhensible lorsque les feuilles de styles sont désactivées ? | D70: ='P01'!$D62 -> NT
B71: 10.4 | C71: Dans chaque page web, le texte reste-t-il lisible lorsque la taille des caractères est augmentée jusqu’à 200%, au moins (hors cas particuliers) ? | D71: ='P01'!$D63 -> NT
B72: 10.5 | C72: Dans chaque page web, les déclarations CSS de couleurs de fond d’élément et de police sont-elles correctement utilisées ? | D72: ='P01'!$D64 -> NT
B73: 10.6 | C73: Dans chaque page web, chaque lien dont la nature n’est pas évidente est-il visible par rapport au texte environnant ? | D73: ='P01'!$D65 -> NT
B74: 10.7 | C74: Dans chaque page web, pour chaque élément recevant le focus, la prise de focus est-elle visible ? | D74: ='P01'!$D66 -> NT
B75: 10.8 | C75: Pour chaque page web, les contenus cachés ont-ils vocation à être ignorés par les technologies d’assistance ? | D75: ='P01'!$D67 -> NT
B76: 10.9 | C76: Dans chaque page web, l’information ne doit pas être donnée uniquement par la forme, taille ou position. Cette règle est-elle respectée ? | D76: ='P01'!$D68 -> NT
B77: 10.10 | C77: Dans chaque page web, l’information ne doit pas être donnée par la forme, taille ou position uniquement. Cette règle est-elle implémentée de façon pertinente ? | D77: ='P01'!$D69 -> NT
B78: 10.11 | C78: Pour chaque page web, les contenus peuvent-ils être présentés sans perte d’information ou de fonctionnalité et sans avoir recours soit à un défilement vertical pour une fenêtre ayant une hauteur de 256 px, soit à un défilement horizontal pour une fenêtre ayant une largeur de 320 px (hors cas particuliers) ? | D78: ='P01'!$D70 -> NT
B79: 10.12 | C79: Dans chaque page web, les propriétés d’espacement du texte peuvent-elles être redéfinies par l’utilisateur sans perte de contenu ou de fonctionnalité (hors cas particuliers) ? | D79: ='P01'!$D71 -> NT
B80: 10.13 | C80: Dans chaque page web, les contenus additionnels apparaissant à la prise de focus ou au survol d’un composant d’interface sont-ils contrôlables par l’utilisateur (hors cas particuliers) ? | D80: ='P01'!$D72 -> NT
B81: 10.14 | C81: Dans chaque page web, les contenus additionnels apparaissant via les styles CSS uniquement peuvent-ils être rendus visibles au clavier et par tout dispositif de pointage ? | D81: ='P01'!$D73 -> NT
A83: FORMULAIRES | B83: 11.1 | C83: Chaque champ de formulaire a-t-il une étiquette ? | D83: ='P01'!$D74 -> NT
B84: 11.2 | C84: Chaque étiquette associée à un champ de formulaire est-elle pertinente (hors cas particuliers) ? | D84: ='P01'!$D75 -> NT
B85: 11.3 | C85: Dans chaque formulaire, chaque étiquette associée à un champ de formulaire ayant la même fonction et répété plusieurs fois dans une même page ou dans un ensemble de pages est-elle cohérente ? | D85: ='P01'!$D76 -> NT
B86: 11.4 | C86: Dans chaque formulaire, chaque étiquette de champ et son champ associé sont-ils accolés (hors cas particuliers) ? | D86: ='P01'!$D77 -> NT
B87: 11.5 | C87: Dans chaque formulaire, les champs de même nature sont-ils regroupés, si nécessaire ? | D87: ='P01'!$D78 -> NT
B88: 11.6 | C88: Dans chaque formulaire, chaque regroupement de champs de même nature a-t-il une légende ? | D88: ='P01'!$D79 -> NT
B89: 11.7 | C89: Dans chaque formulaire, chaque légende associée à un regroupement de champs de même nature est-elle pertinente ? | D89: ='P01'!$D80 -> NT
B90: 11.8 | C90: Dans chaque formulaire, les items de même nature d’une liste de choix sont-ils regroupées de manière pertinente ? | D90: ='P01'!$D81 -> NT
B91: 11.9 | C91: Dans chaque formulaire, l’intitulé de chaque bouton est-il pertinent (hors cas particuliers) ? | D91: ='P01'!$D82 -> NT
B92: 11.10 | C92: Dans chaque formulaire, le contrôle de saisie est-il utilisé de manière pertinente (hors cas particuliers) ? | D92: ='P01'!$D83 -> NT
B93: 11.11 | C93: Dans chaque formulaire, le contrôle de saisie est-il accompagné, si nécessaire, de suggestions facilitant la correction des erreurs de saisie ? | D93: ='P01'!$D84 -> NT
B94: 11.12 | C94: Pour chaque formulaire qui modifie ou supprime des données, ou qui transmet des réponses à un test ou à un examen, ou dont la validation a des conséquences financières ou juridiques, les données saisies peuvent-elles être modifiées, mises à jour ou récupérées par l’utilisateur ? | D94: ='P01'!$D85 -> NT
B95: 11.13 | C95: La finalité d’un champ de saisie peut-elle être déduite pour faciliter le remplissage automatique des champs avec les données de l’utilisateur ? | D95: ='P01'!$D86 -> NT
A97: NAVIGATION | B97: 12.1 | C97: Chaque ensemble de pages dispose-t-il de deux systèmes de navigation différents, au moins (hors cas particuliers) ? | D97: ='P01'!$D87 -> NT
B98: 12.2 | C98: Dans chaque ensemble de pages, le menu et les barres de navigation sont-ils toujours à la même place (hors cas particuliers) ? | D98: ='P01'!$D88 -> NT
B99: 12.3 | C99: La page « plan du site » est-elle pertinente ? | D99: ='P01'!$D89 -> NT
B100: 12.4 | C100: Dans chaque ensemble de pages, la page « plan du site » est-elle atteignable de manière identique ? | D100: ='P01'!$D90 -> NT
B101: 12.5 | C101: Dans chaque ensemble de pages, le moteur de recherche est-il atteignable de manière identique ? | D101: ='P01'!$D91 -> NT
B102: 12.6 | C102: Les zones de regroupement de contenus présentes dans plusieurs pages web (zones d’en-tête, de navigation principale, de contenu principal, de pied de page et de moteur de recherche) peuvent-elles être atteintes ou évitées ? | D102: ='P01'!$D92 -> NT
B103: 12.7 | C103: Dans chaque page web, un lien d’évitement ou d’accès rapide à la zone de contenu principal est-il présent (hors cas particuliers) ? | D103: ='P01'!$D93 -> NT
B104: 12.8 | C104: Dans chaque page web, l’ordre de tabulation est-il cohérent ? | D104: ='P01'!$D94 -> NT
B105: 12.9 | C105: Dans chaque page web, la navigation ne doit pas contenir de piège au clavier. Cette règle est-elle respectée ? | D105: ='P01'!$D95 -> NT
B106: 12.10 | C106: Dans chaque page web, les raccourcis clavier n’utilisant qu’une seule touche (lettre minuscule ou majuscule, ponctuation, chiffre ou symbole) sont-ils contrôlables par l’utilisateur ? | D106: ='P01'!$D96 -> NT
B107: 12.11 | C107: Dans chaque page web, les contenus additionnels apparaissant au survol, à la prise de focus ou à l’activation d’un composant d’interface sont-ils si nécessaire atteignables au clavier ? | D107: ='P01'!$D97 -> NT
A109: CONSULTATION | B109: 13.1 | C109: Pour chaque page web, l’utilisateur a-t-il le contrôle de chaque limite de temps modifiant le contenu (hors cas particuliers) ? | D109: ='P01'!$D98 -> NT
B110: 13.2 | C110: Dans chaque page web, l’ouverture d’une nouvelle fenêtre ne doit pas être déclenchée sans action de l’utilisateur. Cette règle est-elle respectée ? | D110: ='P01'!$D99 -> NT
B111: 13.3 | C111: Dans chaque page web, chaque document bureautique en téléchargement possède-t-il, si nécessaire, une version accessible (hors cas particuliers) ? | D111: ='P01'!$D100 -> NT
B112: 13.4 | C112: Pour chaque document bureautique ayant une version accessible, cette version offre-t-elle la même information ? | D112: ='P01'!$D101 -> NT
...

Sheet BaseDeCalcul
D1: P01 | E1: P02 | F1: P03 | G1: P04 | H1: P05 | I1: P06 | J1: P07 | K1: P08 | L1: P09 | M1: P10 | N1: P11 | O1: P12 | P1: P13 | Q1: P14 | R1: P15 | S1: P16 | T1: P17 | U1: P18 | V1: P19 | W1: P20 | X1: C | Y1: NC | Z1: NA | AA1: NT | AF1: P01 | AG1: P02 | AH1: P03 | AI1: P04 | AJ1: P05 | AK1: P06 | AL1: P07 | AM1: P08 | AN1: P09 | AO1: P10 | AP1: P11 | AQ1: P12 | AR1: P13 | AS1: P14 | AT1: P15 | AU1: P16 | AV1: P17 | AW1: P18 | AX1: P19 | AY1: P20 | AZ1: TOTAL D
A3: 1 | B3: =Critères!$B3 -> 1.1 | C3: =Critères!$A3 -> IMAGES | D3: ='P01'!$D4 -> NT | E3: =#REF! -> #REF! | F3: =#REF! -> #REF! | G3: =#REF! -> #REF! | H3: =#REF! -> #REF! | I3: =#REF! -> #REF! | J3: =#REF! -> #REF! | K3: =#REF! -> #REF! | L3: =#REF! -> #REF! | ... W3: =#REF! -> #REF! | X3: =COUNTIF(D3:W3,"C") -> 0 | Y3: =COUNTIF(D3:W3,"NC") -> 0 | Z3: =COUNTIF(D3:W3,"NA") -> 0 | AA3: =COUNTIF(D3:W3,"NT") -> 1 | AB3: =IF(Y3>0,"NC",IF(X3>0,"C",IF(AA3>0,"NT","NA"))) -> NT | AC3: 1 | AD3: =Critères!$B3 -> 1.1 | AE3: =Critères!$A3 -> IMAGES | AF3: ='P01'!$E4 -> N | AG3: =#REF! -> #REF! | AH3: =#REF! -> #REF! | AI3: =#REF! -> #REF! | AJ3: =#REF! -> #REF! | AK3: =#REF! -> #REF! | AL3: =#REF! -> #REF! | AM3: =#REF! -> #REF! | AN3: =#REF! -> #REF! | ... AY3: =#REF! -> #REF! | AZ3: =COUNTIF(AF3:AY3,"D") -> 0
A4: 1 | B4: =Critères!$B4 -> 1.2 | C4: =Critères!$A3 -> IMAGES | D4: ='P01'!$D5 -> NT | E4: =#REF! -> #REF! | F4: =#REF! -> #REF! | G4: =#REF! -> #REF! | H4: =#REF! -> #REF! | I4: =#REF! -> #REF! | J4: =#REF! -> #REF! | K4: =#REF! -> #REF! | L4: =#REF! -> #REF! | ... W4: =#REF! -> #REF! | X4: =COUNTIF(D4:W4,"C") -> 0 | Y4: =COUNTIF(D4:W4,"NC") -> 0 | Z4: =COUNTIF(D4:W4,"NA") -> 0 | AA4: =COUNTIF(D4:W4,"NT") -> 1 | AB4: =IF(Y4>0,"NC",IF(X4>0,"C",IF(AA4>0,"NT","NA"))) -> NT | AC4: 1 | AD4: =Critères!$B4 -> 1.2 | AE4: =Critères!$A3 -> IMAGES | AF4: ='P01'!$E5 -> N | AG4: =#REF! -> #REF! | AH4: =#REF! -> #REF! | AI4: =#REF! -> #REF! | AJ4: =#REF! -> #REF! | AK4: =#REF! -> #REF! | AL4: =#REF! -> #REF! | AM4: =#REF! -> #REF! | AN4: =#REF! -> #REF! | ... AY4: =#REF! -> #REF! | AZ4: =COUNTIF(AF4:AY4,"D") -> 0
A5: 1 | B5: =Critères!$B5 -> 1.3 | C5: =Critères!$A3 -> IMAGES | D5: ='P01'!$D6 -> NT | E5: =#REF! -> #REF! | F5: =#REF! -> #REF! | G5: =#REF! -> #REF! | H5: =#REF! -> #REF! | I5: =#REF! -> #REF! | J5: =#REF! -> #REF! | K5: =#REF! -> #REF! | L5: =#REF! -> #REF! | ... W5: =#REF! -> #REF! | X5: =COUNTIF(D5:W5,"C") -> 0 | Y5: =COUNTIF(D5:W5,"NC") -> 0 | Z5: =COUNTIF(D5:W5,"NA") -> 0 | AA5: =COUNTIF(D5:W5,"NT") -> 1 | AB5: =IF(Y5>0,"NC",IF(X5>0,"C",IF(AA5>0,"NT","NA"))) -> NT | AC5: 1 | AD5: =Critères!$B5 -> 1.3 | AE5: =Critères!$A3 -> IMAGES | AF5: ='P01'!$E6 -> N | AG5: =#REF! -> #REF! | AH5: =#REF! -> #REF! | AI5: =#REF! -> #REF! | AJ5: =#REF! -> #REF! | AK5: =#REF! -> #REF! | AL5: =#REF! -> #REF! | AM5: =#REF! -> #REF! | AN5: =#REF! -> #REF! | ... AY5: =#REF! -> #REF! | AZ5: =COUNTIF(AF5:AY5,"D") -> 0
A6: 1 | B6: =Critères!$B6 -> 1.4 | C6: =Critères!$A3 -> IMAGES | D6: ='P01'!$D7 -> NT | E6: =#REF! -> #REF! | F6: =#REF! -> #REF! | G6: =#REF! -> #REF! | H6: =#REF! -> #REF! | I6: =#REF! -> #REF! | J6: =#REF! -> #REF! | K6: =#REF! -> #REF! | L6: =#REF! -> #REF! | ... W6: =#REF! -> #REF! | X6: =COUNTIF(D6:W6,"C") -> 0 | Y6: =COUNTIF(D6:W6,"NC") -> 0 | Z6: =COUNTIF(D6:W6,"NA") -> 0 | AA6: =COUNTIF(D6:W6,"NT") -> 1 | AB6: =IF(Y6>0,"NC",IF(X6>0,"C",IF(AA6>0,"NT","NA"))) -> NT | AC6: 1 | AD6: =Critères!$B6 -> 1.4 | AE6: =Critères!$A3 -> IMAGES | AF6: ='P01'!$E7 -> N | AG6: =#REF! -> #REF! | AH6: =#REF! -> #REF! | AI6: =#REF! -> #REF! | AJ6: =#REF! -> #REF! | AK6: =#REF! -> #REF! | AL6: =#REF! -> #REF! | AM6: =#REF! -> #REF! | AN6: =#REF! -> #REF! | ... AY6: =#REF! -> #REF! | AZ6: =COUNTIF(AF6:AY6,"D") -> 0
A7: 1 | B7: =Critères!$B7 -> 1.5 | C7: =Critères!$A3 -> IMAGES | D7: ='P01'!$D8 -> NT | E7: =#REF! -> #REF! | F7: =#REF! -> #REF! | G7: =#REF! -> #REF! | H7: =#REF! -> #REF! | I7: =#REF! -> #REF! | J7: =#REF! -> #REF! | K7: =#REF! -> #REF! | L7: =#REF! -> #REF! | ... W7: =#REF! -> #REF! | X7: =COUNTIF(D7:W7,"C") -> 0 | Y7: =COUNTIF(D7:W7,"NC") -> 0 | Z7: =COUNTIF(D7:W7,"NA") -> 0 | AA7: =COUNTIF(D7:W7,"NT") -> 1 | AB7: =IF(Y7>0,"NC",IF(X7>0,"C",IF(AA7>0,"NT","NA"))) -> NT | AC7: 1 | AD7: =Critères!$B7 -> 1.5 | AE7: =Critères!$A3 -> IMAGES | AF7: ='P01'!$E8 -> N | AG7: =#REF! -> #REF! | AH7: =#REF! -> #REF! | AI7: =#REF! -> #REF! | AJ7: =#REF! -> #REF! | AK7: =#REF! -> #REF! | AL7: =#REF! -> #REF! | AM7: =#REF! -> #REF! | AN7: =#REF! -> #REF! | ... AY7: =#REF! -> #REF! | AZ7: =COUNTIF(AF7:AY7,"D") -> 0
A8: 1 | B8: =Critères!$B8 -> 1.6 | C8: =Critères!$A3 -> IMAGES | D8: ='P01'!$D9 -> NT | E8: =#REF! -> #REF! | F8: =#REF! -> #REF! | G8: =#REF! -> #REF! | H8: =#REF! -> #REF! | I8: =#REF! -> #REF! | J8: =#REF! -> #REF! | K8: =#REF! -> #REF! | L8: =#REF! -> #REF! | ... W8: =#REF! -> #REF! | X8: =COUNTIF(D8:W8,"C") -> 0 | Y8: =COUNTIF(D8:W8,"NC") -> 0 | Z8: =COUNTIF(D8:W8,"NA") -> 0 | AA8: =COUNTIF(D8:W8,"NT") -> 1 | AB8: =IF(Y8>0,"NC",IF(X8>0,"C",IF(AA8>0,"NT","NA"))) -> NT | AC8: 1 | AD8: =Critères!$B8 -> 1.6 | AE8: =Critères!$A3 -> IMAGES | AF8: ='P01'!$E9 -> N | AG8: =#REF! -> #REF! | AH8: =#REF! -> #REF! | AI8: =#REF! -> #REF! | AJ8: =#REF! -> #REF! | AK8: =#REF! -> #REF! | AL8: =#REF! -> #REF! | AM8: =#REF! -> #REF! | AN8: =#REF! -> #REF! | ... AY8: =#REF! -> #REF! | AZ8: =COUNTIF(AF8:AY8,"D") -> 0
A9: 1 | B9: =Critères!$B9 -> 1.7 | C9: =Critères!$A3 -> IMAGES | D9: ='P01'!$D10 -> NT | E9: =#REF! -> #REF! | F9: =#REF! -> #REF! | G9: =#REF! -> #REF! | H9: =#REF! -> #REF! | I9: =#REF! -> #REF! | J9: =#REF! -> #REF! | K9: =#REF! -> #REF! | L9: =#REF! -> #REF! | ... W9: =#REF! -> #REF! | X9: =COUNTIF(D9:W9,"C") -> 0 | Y9: =COUNTIF(D9:W9,"NC") -> 0 | Z9: =COUNTIF(D9:W9,"NA") -> 0 | AA9: =COUNTIF(D9:W9,"NT") -> 1 | AB9: =IF(Y9>0,"NC",IF(X9>0,"C",IF(AA9>0,"NT","NA"))) -> NT | AC9: 1 | AD9: =Critères!$B9 -> 1.7 | AE9: =Critères!$A3 -> IMAGES | AF9: ='P01'!$E10 -> N | AG9: =#REF! -> #REF! | AH9: =#REF! -> #REF! | AI9: =#REF! -> #REF! | AJ9: =#REF! -> #REF! | AK9: =#REF! -> #REF! | AL9: =#REF! -> #REF! | AM9: =#REF! -> #REF! | AN9: =#REF! -> #REF! | ... AY9: =#REF! -> #REF! | AZ9: =COUNTIF(AF9:AY9,"D") -> 0
A10: 1 | B10: =Critères!$B10 -> 1.8 | C10: =Critères!$A3 -> IMAGES | D10: ='P01'!$D11 -> NT | E10: =#REF! -> #REF! | F10: =#REF! -> #REF! | G10: =#REF! -> #REF! | H10: =#REF! -> #REF! | I10: =#REF! -> #REF! | J10: =#REF! -> #REF! | K10: =#REF! -> #REF! | L10: =#REF! -> #REF! | ... W10: =#REF! -> #REF! | X10: =COUNTIF(D10:W10,"C") -> 0 | Y10: =COUNTIF(D10:W10,"NC") -> 0 | Z10: =COUNTIF(D10:W10,"NA") -> 0 | AA10: =COUNTIF(D10:W10,"NT") -> 1 | AB10: =IF(Y10>0,"NC",IF(X10>0,"C",IF(AA10>0,"NT","NA"))) -> NT | AC10: 1 | AD10: =Critères!$B10 -> 1.8 | AE10: =Critères!$A3 -> IMAGES | AF10: ='P01'!$E11 -> N | AG10: =#REF! -> #REF! | AH10: =#REF! -> #REF! | AI10: =#REF! -> #REF! | AJ10: =#REF! -> #REF! | AK10: =#REF! -> #REF! | AL10: =#REF! -> #REF! | AM10: =#REF! -> #REF! | AN10: =#REF! -> #REF! | ... AY10: =#REF! -> #REF! | AZ10: =COUNTIF(AF10:AY10,"D") -> 0
A11: 1 | B11: =Critères!$B11 -> 1.9 | C11: =Critères!$A3 -> IMAGES | D11: ='P01'!$D12 -> NT | E11: =#REF! -> #REF! | F11: =#REF! -> #REF! | G11: =#REF! -> #REF! | H11: =#REF! -> #REF! | I11: =#REF! -> #REF! | J11: =#REF! -> #REF! | K11: =#REF! -> #REF! | L11: =#REF! -> #REF! | ... W11: =#REF! -> #REF! | X11: =COUNTIF(D11:W11,"C") -> 0 | Y11: =COUNTIF(D11:W11,"NC") -> 0 | Z11: =COUNTIF(D11:W11,"NA") -> 0 | AA11: =COUNTIF(D11:W11,"NT") -> 1 | AB11: =IF(Y11>0,"NC",IF(X11>0,"C",IF(AA11>0,"NT","NA"))) -> NT | AC11: 1 | AD11: =Critères!$B11 -> 1.9 | AE11: =Critères!$A3 -> IMAGES | AF11: ='P01'!$E12 -> N | AG11: =#REF! -> #REF! | AH11: =#REF! -> #REF! | AI11: =#REF! -> #REF! | AJ11: =#REF! -> #REF! | AK11: =#REF! -> #REF! | AL11: =#REF! -> #REF! | AM11: =#REF! -> #REF! | AN11: =#REF! -> #REF! | ... AY11: =#REF! -> #REF! | AZ11: =COUNTIF(AF11:AY11,"D") -> 0
X12: =SUM(X3:X11) -> 0 | Y12: =SUM(Y3:Y11) -> 0 | Z12: =SUM(Z3:Z11) -> 0 | AA12: =SUM(AA3:AA11) -> 9 | AZ12: =SUM(AZ1:AZ11) -> 0
A13: 2 | B13: =Critères!$B13 -> 2.1 | C13: =Critères!$A13 -> CADRES | D13: ='P01'!$D13 -> NT | E13: =#REF! -> #REF! | F13: =#REF! -> #REF! | G13: =#REF! -> #REF! | H13: =#REF! -> #REF! | I13: =#REF! -> #REF! | J13: =#REF! -> #REF! | K13: =#REF! -> #REF! | L13: =#REF! -> #REF! | ... W13: =#REF! -> #REF! | X13: =COUNTIF(D13:W13,"C") -> 0 | Y13: =COUNTIF(D13:W13,"NC") -> 0 | Z13: =COUNTIF(D13:W13,"NA") -> 0 | AA13: =COUNTIF(D13:W13,"NT") -> 1 | AB13: =IF(Y13>0,"NC",IF(X13>0,"C",IF(AA13>0,"NT","NA"))) -> NT | AC13: 2 | AD13: =Critères!$B13 -> 2.1 | AE13: =Critères!$A13 -> CADRES | AF13: ='P01'!$E13 -> N | AG13: =#REF! -> #REF! | AH13: =#REF! -> #REF! | AI13: =#REF! -> #REF! | AJ13: =#REF! -> #REF! | AK13: =#REF! -> #REF! | AL13: =#REF! -> #REF! | AM13: =#REF! -> #REF! | AN13: =#REF! -> #REF! | ... AY13: =#REF! -> #REF! | AZ13: =COUNTIF(AF13:AY13,"D") -> 0
A14: 2 | B14: =Critères!$B14 -> 2.2 | C14: =Critères!$A13 -> CADRES | D14: ='P01'!$D14 -> NT | E14: =#REF! -> #REF! | F14: =#REF! -> #REF! | G14: =#REF! -> #REF! | H14: =#REF! -> #REF! | I14: =#REF! -> #REF! | J14: =#REF! -> #REF! | K14: =#REF! -> #REF! | L14: =#REF! -> #REF! | ... W14: =#REF! -> #REF! | X14: =COUNTIF(D14:W14,"C") -> 0 | Y14: =COUNTIF(D14:W14,"NC") -> 0 | Z14: =COUNTIF(D14:W14,"NA") -> 0 | AA14: =COUNTIF(D14:W14,"NT") -> 1 | AB14: =IF(Y14>0,"NC",IF(X14>0,"C",IF(AA14>0,"NT","NA"))) -> NT | AC14: 2 | AD14: =Critères!$B14 -> 2.2 | AE14: =Critères!$A13 -> CADRES | AF14: ='P01'!$E14 -> N | AG14: =#REF! -> #REF! | AH14: =#REF! -> #REF! | AI14: =#REF! -> #REF! | AJ14: =#REF! -> #REF! | AK14: =#REF! -> #REF! | AL14: =#REF! -> #REF! | AM14: =#REF! -> #REF! | AN14: =#REF! -> #REF! | ... AY14: =#REF! -> #REF! | AZ14: =COUNTIF(AF14:AY14,"D") -> 0
X15: =SUM(X13:X14) -> 0 | Y15: =SUM(Y13:Y14) -> 0 | Z15: =SUM(Z13:Z14) -> 0 | AA15: =SUM(AA13:AA14) -> 2 | AZ15: =SUM(AZ13:AZ14) -> 0
A16: 3 | B16: =Critères!$B16 -> 3.1 | C16: =Critères!$A16 -> COULEURS | D16: ='P01'!$D15 -> NT | E16: =#REF! -> #REF! | F16: =#REF! -> #REF! | G16: =#REF! -> #REF! | H16: =#REF! -> #REF! | I16: =#REF! -> #REF! | J16: =#REF! -> #REF! | K16: =#REF! -> #REF! | L16: =#REF! -> #REF! | ... W16: =#REF! -> #REF! | X16: =COUNTIF(D16:W16,"C") -> 0 | Y16: =COUNTIF(D16:W16,"NC") -> 0 | Z16: =COUNTIF(D16:W16,"NA") -> 0 | AA16: =COUNTIF(D16:W16,"NT") -> 1 | AB16: =IF(Y16>0,"NC",IF(X16>0,"C",IF(AA16>0,"NT","NA"))) -> NT | AC16: 3 | AD16: =Critères!$B16 -> 3.1 | AE16: =Critères!$A16 -> COULEURS | AF16: ='P01'!$E15 -> N | AG16: =#REF! -> #REF! | AH16: =#REF! -> #REF! | AI16: =#REF! -> #REF! | AJ16: =#REF! -> #REF! | AK16: =#REF! -> #REF! | AL16: =#REF! -> #REF! | AM16: =#REF! -> #REF! | AN16: =#REF! -> #REF! | ... AY16: =#REF! -> #REF! | AZ16: =COUNTIF(AF16:AY16,"D") -> 0
A17: 3 | B17: =Critères!$B17 -> 3.2 | C17: =Critères!$A16 -> COULEURS | D17: ='P01'!$D16 -> NT | E17: =#REF! -> #REF! | F17: =#REF! -> #REF! | G17: =#REF! -> #REF! | H17: =#REF! -> #REF! | I17: =#REF! -> #REF! | J17: =#REF! -> #REF! | K17: =#REF! -> #REF! | L17: =#REF! -> #REF! | ... W17: =#REF! -> #REF! | X17: =COUNTIF(D17:W17,"C") -> 0 | Y17: =COUNTIF(D17:W17,"NC") -> 0 | Z17: =COUNTIF(D17:W17,"NA") -> 0 | AA17: =COUNTIF(D17:W17,"NT") -> 1 | AB17: =IF(Y17>0,"NC",IF(X17>0,"C",IF(AA17>0,"NT","NA"))) -> NT | AC17: 3 | AD17: =Critères!$B17 -> 3.2 | AE17: =Critères!$A16 -> COULEURS | AF17: ='P01'!$E16 -> N | AG17: =#REF! -> #REF! | AH17: =#REF! -> #REF! | AI17: =#REF! -> #REF! | AJ17: =#REF! -> #REF! | AK17: =#REF! -> #REF! | AL17: =#REF! -> #REF! | AM17: =#REF! -> #REF! | AN17: =#REF! -> #REF! | ... AY17: =#REF! -> #REF! | AZ17: =COUNTIF(AF17:AY17,"D") -> 0
A18: 3 | B18: =Critères!$B18 -> 3.3 | C18: =Critères!$A16 -> COULEURS | D18: ='P01'!$D17 -> NT | E18: =#REF! -> #REF! | F18: =#REF! -> #REF! | G18: =#REF! -> #REF! | H18: =#REF! -> #REF! | I18: =#REF! -> #REF! | J18: =#REF! -> #REF! | K18: =#REF! -> #REF! | L18: =#REF! -> #REF! | ... W18: =#REF! -> #REF! | X18: =COUNTIF(D18:W18,"C") -> 0 | Y18: =COUNTIF(D18:W18,"NC") -> 0 | Z18: =COUNTIF(D18:W18,"NA") -> 0 | AA18: =COUNTIF(D18:W18,"NT") -> 1 | AB18: =IF(Y18>0,"NC",IF(X18>0,"C",IF(AA18>0,"NT","NA"))) -> NT | AC18: 3 | AD18: =Critères!$B18 -> 3.3 | AE18: =Critères!$A16 -> COULEURS | AF18: ='P01'!$E17 -> N | AG18: =#REF! -> #REF! | AH18: =#REF! -> #REF! | AI18: =#REF! -> #REF! | AJ18: =#REF! -> #REF! | AK18: =#REF! -> #REF! | AL18: =#REF! -> #REF! | AM18: =#REF! -> #REF! | AN18: =#REF! -> #REF! | ... AY18: =#REF! -> #REF! | AZ18: =COUNTIF(AF18:AY18,"D") -> 0
X19: =SUM(X16:X18) -> 0 | Y19: =SUM(Y16:Y18) -> 0 | Z19: =SUM(Z16:Z18) -> 0 | AA19: =SUM(AA16:AA18) -> 3 | AZ19: =SUM(AZ16:AZ18) -> 0
A20: 4 | B20: =Critères!$B20 -> 4.1 | C20: =Critères!$A20 -> MULTIMÉDIA | D20: ='P01'!$D18 -> NT | E20: =#REF! -> #REF! | F20: =#REF! -> #REF! | G20: =#REF! -> #REF! | H20: =#REF! -> #REF! | I20: =#REF! -> #REF! | J20: =#REF! -> #REF! | K20: =#REF! -> #REF! | L20: =#REF! -> #REF! | ... W20: =#REF! -> #REF! | X20: =COUNTIF(D20:W20,"C") -> 0 | Y20: =COUNTIF(D20:W20,"NC") -> 0 | Z20: =COUNTIF(D20:W20,"NA") -> 0 | AA20: =COUNTIF(D20:W20,"NT") -> 1 | AB20: =IF(Y20>0,"NC",IF(X20>0,"C",IF(AA20>0,"NT","NA"))) -> NT | AC20: 4 | AD20: =Critères!$B20 -> 4.1 | AE20: =Critères!$A20 -> MULTIMÉDIA | AF20: ='P01'!$E18 -> N | AG20: =#REF! -> #REF! | AH20: =#REF! -> #REF! | AI20: =#REF! -> #REF! | AJ20: =#REF! -> #REF! | AK20: =#REF! -> #REF! | AL20: =#REF! -> #REF! | AM20: =#REF! -> #REF! | AN20: =#REF! -> #REF! | ... AY20: =#REF! -> #REF! | AZ20: =COUNTIF(AF20:AY20,"D") -> 0
A21: 4 | B21: =Critères!$B21 -> 4.2 | C21: =Critères!$A20 -> MULTIMÉDIA | D21: ='P01'!$D19 -> NT | E21: =#REF! -> #REF! | F21: =#REF! -> #REF! | G21: =#REF! -> #REF! | H21: =#REF! -> #REF! | I21: =#REF! -> #REF! | J21: =#REF! -> #REF! | K21: =#REF! -> #REF! | L21: =#REF! -> #REF! | ... W21: =#REF! -> #REF! | X21: =COUNTIF(D21:W21,"C") -> 0 | Y21: =COUNTIF(D21:W21,"NC") -> 0 | Z21: =COUNTIF(D21:W21,"NA") -> 0 | AA21: =COUNTIF(D21:W21,"NT") -> 1 | AB21: =IF(Y21>0,"NC",IF(X21>0,"C",IF(AA21>0,"NT","NA"))) -> NT | AC21: 4 | AD21: =Critères!$B21 -> 4.2 | AE21: =Critères!$A20 -> MULTIMÉDIA | AF21: ='P01'!$E19 -> N | AG21: =#REF! -> #REF! | AH21: =#REF! -> #REF! | AI21: =#REF! -> #REF! | AJ21: =#REF! -> #REF! | AK21: =#REF! -> #REF! | AL21: =#REF! -> #REF! | AM21: =#REF! -> #REF! | AN21: =#REF! -> #REF! | ... AY21: =#REF! -> #REF! | AZ21: =COUNTIF(AF21:AY21,"D") -> 0
A22: 4 | B22: =Critères!$B22 -> 4.3 | C22: =Critères!$A20 -> MULTIMÉDIA | D22: ='P01'!$D20 -> NT | E22: =#REF! -> #REF! | F22: =#REF! -> #REF! | G22: =#REF! -> #REF! | H22: =#REF! -> #REF! | I22: =#REF! -> #REF! | J22: =#REF! -> #REF! | K22: =#REF! -> #REF! | L22: =#REF! -> #REF! | ... W22: =#REF! -> #REF! | X22: =COUNTIF(D22:W22,"C") -> 0 | Y22: =COUNTIF(D22:W22,"NC") -> 0 | Z22: =COUNTIF(D22:W22,"NA") -> 0 | AA22: =COUNTIF(D22:W22,"NT") -> 1 | AB22: =IF(Y22>0,"NC",IF(X22>0,"C",IF(AA22>0,"NT","NA"))) -> NT | AC22: 4 | AD22: =Critères!$B22 -> 4.3 | AE22: =Critères!$A20 -> MULTIMÉDIA | AF22: ='P01'!$E20 -> N | AG22: =#REF! -> #REF! | AH22: =#REF! -> #REF! | AI22: =#REF! -> #REF! | AJ22: =#REF! -> #REF! | AK22: =#REF! -> #REF! | AL22: =#REF! -> #REF! | AM22: =#REF! -> #REF! | AN22: =#REF! -> #REF! | ... AY22: =#REF! -> #REF! | AZ22: =COUNTIF(AF22:AY22,"D") -> 0
A23: 4 | B23: =Critères!$B23 -> 4.4 | C23: =Critères!$A20 -> MULTIMÉDIA | D23: ='P01'!$D21 -> NT | E23: =#REF! -> #REF! | F23: =#REF! -> #REF! | G23: =#REF! -> #REF! | H23: =#REF! -> #REF! | I23: =#REF! -> #REF! | J23: =#REF! -> #REF! | K23: =#REF! -> #REF! | L23: =#REF! -> #REF! | ... W23: =#REF! -> #REF! | X23: =COUNTIF(D23:W23,"C") -> 0 | Y23: =COUNTIF(D23:W23,"NC") -> 0 | Z23: =COUNTIF(D23:W23,"NA") -> 0 | AA23: =COUNTIF(D23:W23,"NT") -> 1 | AB23: =IF(Y23>0,"NC",IF(X23>0,"C",IF(AA23>0,"NT","NA"))) -> NT | AC23: 4 | AD23: =Critères!$B23 -> 4.4 | AE23: =Critères!$A20 -> MULTIMÉDIA | AF23: ='P01'!$E21 -> N | AG23: =#REF! -> #REF! | AH23: =#REF! -> #REF! | AI23: =#REF! -> #REF! | AJ23: =#REF! -> #REF! | AK23: =#REF! -> #REF! | AL23: =#REF! -> #REF! | AM23: =#REF! -> #REF! | AN23: =#REF! -> #REF! | ... AY23: =#REF! -> #REF! | AZ23: =COUNTIF(AF23:AY23,"D") -> 0
A24: 4 | B24: =Critères!$B24 -> 4.5 | C24: =Critères!$A20 -> MULTIMÉDIA | D24: ='P01'!$D22 -> NT | E24: =#REF! -> #REF! | F24: =#REF! -> #REF! | G24: =#REF! -> #REF! | H24: =#REF! -> #REF! | I24: =#REF! -> #REF! | J24: =#REF! -> #REF! | K24: =#REF! -> #REF! | L24: =#REF! -> #REF! | ... W24: =#REF! -> #REF! | X24: =COUNTIF(D24:W24,"C") -> 0 | Y24: =COUNTIF(D24:W24,"NC") -> 0 | Z24: =COUNTIF(D24:W24,"NA") -> 0 | AA24: =COUNTIF(D24:W24,"NT") -> 1 | AB24: =IF(Y24>0,"NC",IF(X24>0,"C",IF(AA24>0,"NT","NA"))) -> NT | AC24: 4 | AD24: =Critères!$B24 -> 4.5 | AE24: =Critères!$A20 -> MULTIMÉDIA | AF24: ='P01'!$E22 -> N | AG24: =#REF! -> #REF! | AH24: =#REF! -> #REF! | AI24: =#REF! -> #REF! | AJ24: =#REF! -> #REF! | AK24: =#REF! -> #REF! | AL24: =#REF! -> #REF! | AM24: =#REF! -> #REF! | AN24: =#REF! -> #REF! | ... AY24: =#REF! -> #REF! | AZ24: =COUNTIF(AF24:AY24,"D") -> 0
A25: 4 | B25: =Critères!$B25 -> 4.6 | C25: =Critères!$A20 -> MULTIMÉDIA | D25: ='P01'!$D23 -> NT | E25: =#REF! -> #REF! | F25: =#REF! -> #REF! | G25: =#REF! -> #REF! | H25: =#REF! -> #REF! | I25: =#REF! -> #REF! | J25: =#REF! -> #REF! | K25: =#REF! -> #REF! | L25: =#REF! -> #REF! | ... W25: =#REF! -> #REF! | X25: =COUNTIF(D25:W25,"C") -> 0 | Y25: =COUNTIF(D25:W25,"NC") -> 0 | Z25: =COUNTIF(D25:W25,"NA") -> 0 | AA25: =COUNTIF(D25:W25,"NT") -> 1 | AB25: =IF(Y25>0,"NC",IF(X25>0,"C",IF(AA25>0,"NT","NA"))) -> NT | AC25: 4 | AD25: =Critères!$B25 -> 4.6 | AE25: =Critères!$A20 -> MULTIMÉDIA | AF25: ='P01'!$E23 -> N | AG25: =#REF! -> #REF! | AH25: =#REF! -> #REF! | AI25: =#REF! -> #REF! | AJ25: =#REF! -> #REF! | AK25: =#REF! -> #REF! | AL25: =#REF! -> #REF! | AM25: =#REF! -> #REF! | AN25: =#REF! -> #REF! | ... AY25: =#REF! -> #REF! | AZ25: =COUNTIF(AF25:AY25,"D") -> 0
A26: 4 | B26: =Critères!$B26 -> 4.7 | C26: =Critères!$A20 -> MULTIMÉDIA | D26: ='P01'!$D24 -> NT | E26: =#REF! -> #REF! | F26: =#REF! -> #REF! | G26: =#REF! -> #REF! | H26: =#REF! -> #REF! | I26: =#REF! -> #REF! | J26: =#REF! -> #REF! | K26: =#REF! -> #REF! | L26: =#REF! -> #REF! | ... W26: =#REF! -> #REF! | X26: =COUNTIF(D26:W26,"C") -> 0 | Y26: =COUNTIF(D26:W26,"NC") -> 0 | Z26: =COUNTIF(D26:W26,"NA") -> 0 | AA26: =COUNTIF(D26:W26,"NT") -> 1 | AB26: =IF(Y26>0,"NC",IF(X26>0,"C",IF(AA26>0,"NT","NA"))) -> NT | AC26: 4 | AD26: =Critères!$B26 -> 4.7 | AE26: =Critères!$A20 -> MULTIMÉDIA | AF26: ='P01'!$E24 -> N | AG26: =#REF! -> #REF! | AH26: =#REF! -> #REF! | AI26: =#REF! -> #REF! | AJ26: =#REF! -> #REF! | AK26: =#REF! -> #REF! | AL26: =#REF! -> #REF! | AM26: =#REF! -> #REF! | AN26: =#REF! -> #REF! | ... AY26: =#REF! -> #REF! | AZ26: =COUNTIF(AF26:AY26,"D") -> 0
A27: 4 | B27: =Critères!$B27 -> 4.8 | C27: =Critères!$A20 -> MULTIMÉDIA | D27: ='P01'!$D25 -> NT | E27: =#REF! -> #REF! | F27: =#REF! -> #REF! | G27: =#REF! -> #REF! | H27: =#REF! -> #REF! | I27: =#REF! -> #REF! | J27: =#REF! -> #REF! | K27: =#REF! -> #REF! | L27: =#REF! -> #REF! | ... W27: =#REF! -> #REF! | X27: =COUNTIF(D27:W27,"C") -> 0 | Y27: =COUNTIF(D27:W27,"NC") -> 0 | Z27: =COUNTIF(D27:W27,"NA") -> 0 | AA27: =COUNTIF(D27:W27,"NT") -> 1 | AB27: =IF(Y27>0,"NC",IF(X27>0,"C",IF(AA27>0,"NT","NA"))) -> NT | AC27: 4 | AD27: =Critères!$B27 -> 4.8 | AE27: =Critères!$A20 -> MULTIMÉDIA | AF27: ='P01'!$E25 -> N | AG27: =#REF! -> #REF! | AH27: =#REF! -> #REF! | AI27: =#REF! -> #REF! | AJ27: =#REF! -> #REF! | AK27: =#REF! -> #REF! | AL27: =#REF! -> #REF! | AM27: =#REF! -> #REF! | AN27: =#REF! -> #REF! | ... AY27: =#REF! -> #REF! | AZ27: =COUNTIF(AF27:AY27,"D") -> 0
A28: 4 | B28: =Critères!$B28 -> 4.9 | C28: =Critères!$A20 -> MULTIMÉDIA | D28: ='P01'!$D26 -> NT | E28: =#REF! -> #REF! | F28: =#REF! -> #REF! | G28: =#REF! -> #REF! | H28: =#REF! -> #REF! | I28: =#REF! -> #REF! | J28: =#REF! -> #REF! | K28: =#REF! -> #REF! | L28: =#REF! -> #REF! | ... W28: =#REF! -> #REF! | X28: =COUNTIF(D28:W28,"C") -> 0 | Y28: =COUNTIF(D28:W28,"NC") -> 0 | Z28: =COUNTIF(D28:W28,"NA") -> 0 | AA28: =COUNTIF(D28:W28,"NT") -> 1 | AB28: =IF(Y28>0,"NC",IF(X28>0,"C",IF(AA28>0,"NT","NA"))) -> NT | AC28: 4 | AD28: =Critères!$B28 -> 4.9 | AE28: =Critères!$A20 -> MULTIMÉDIA | AF28: ='P01'!$E26 -> N | AG28: =#REF! -> #REF! | AH28: =#REF! -> #REF! | AI28: =#REF! -> #REF! | AJ28: =#REF! -> #REF! | AK28: =#REF! -> #REF! | AL28: =#REF! -> #REF! | AM28: =#REF! -> #REF! | AN28: =#REF! -> #REF! | ... AY28: =#REF! -> #REF! | AZ28: =COUNTIF(AF28:AY28,"D") -> 0
A29: 4 | B29: =Critères!$B29 -> 4.10 | C29: =Critères!$A20 -> MULTIMÉDIA | D29: ='P01'!$D27 -> NT | E29: =#REF! -> #REF! | F29: =#REF! -> #REF! | G29: =#REF! -> #REF! | H29: =#REF! -> #REF! | I29: =#REF! -> #REF! | J29: =#REF! -> #REF! | K29: =#REF! -> #REF! | L29: =#REF! -> #REF! | ... W29: =#REF! -> #REF! | X29: =COUNTIF(D29:W29,"C") -> 0 | Y29: =COUNTIF(D29:W29,"NC") -> 0 | Z29: =COUNTIF(D29:W29,"NA") -> 0 | AA29: =COUNTIF(D29:W29,"NT") -> 1 | AB29: =IF(Y29>0,"NC",IF(X29>0,"C",IF(AA29>0,"NT","NA"))) -> NT | AC29: 4 | AD29: =Critères!$B29 -> 4.10 | AE29: =Critères!$A20 -> MULTIMÉDIA | AF29: ='P01'!$E27 -> N | AG29: =#REF! -> #REF! | AH29: =#REF! -> #REF! | AI29: =#REF! -> #REF! | AJ29: =#REF! -> #REF! | AK29: =#REF! -> #REF! | AL29: =#REF! -> #REF! | AM29: =#REF! -> #REF! | AN29: =#REF! -> #REF! | ... AY29: =#REF! -> #REF! | AZ29: =COUNTIF(AF29:AY29,"D") -> 0
A30: 4 | B30: =Critères!$B30 -> 4.11 | C30: =Critères!$A20 -> MULTIMÉDIA | D30: ='P01'!$D28 -> NT | E30: =#REF! -> #REF! | F30: =#REF! -> #REF! | G30: =#REF! -> #REF! | H30: =#REF! -> #REF! | I30: =#REF! -> #REF! | J30: =#REF! -> #REF! | K30: =#REF! -> #REF! | L30: =#REF! -> #REF! | ... W30: =#REF! -> #REF! | X30: =COUNTIF(D30:W30,"C") -> 0 | Y30: =COUNTIF(D30:W30,"NC") -> 0 | Z30: =COUNTIF(D30:W30,"NA") -> 0 | AA30: =COUNTIF(D30:W30,"NT") -> 1 | AB30: =IF(Y30>0,"NC",IF(X30>0,"C",IF(AA30>0,"NT","NA"))) -> NT | AC30: 4 | AD30: =Critères!$B30 -> 4.11 | AE30: =Critères!$A20 -> MULTIMÉDIA | AF30: ='P01'!$E28 -> N | AG30: =#REF! -> #REF! | AH30: =#REF! -> #REF! | AI30: =#REF! -> #REF! | AJ30: =#REF! -> #REF! | AK30: =#REF! -> #REF! | AL30: =#REF! -> #REF! | AM30: =#REF! -> #REF! | AN30: =#REF! -> #REF! | ... AY30: =#REF! -> #REF! | AZ30: =COUNTIF(AF30:AY30,"D") -> 0
A31: 4 | B31: =Critères!$B31 -> 4.12 | C31: =Critères!$A20 -> MULTIMÉDIA | D31: ='P01'!$D29 -> NT | E31: =#REF! -> #REF! | F31: =#REF! -> #REF! | G31: =#REF! -> #REF! | H31: =#REF! -> #REF! | I31: =#REF! -> #REF! | J31: =#REF! -> #REF! | K31: =#REF! -> #REF! | L31: =#REF! -> #REF! | ... W31: =#REF! -> #REF! | X31: =COUNTIF(D31:W31,"C") -> 0 | Y31: =COUNTIF(D31:W31,"NC") -> 0 | Z31: =COUNTIF(D31:W31,"NA") -> 0 | AA31: =COUNTIF(D31:W31,"NT") -> 1 | AB31: =IF(Y31>0,"NC",IF(X31>0,"C",IF(AA31>0,"NT","NA"))) -> NT | AC31: 4 | AD31: =Critères!$B31 -> 4.12 | AE31: =Critères!$A20 -> MULTIMÉDIA | AF31: ='P01'!$E29 -> N | AG31: =#REF! -> #REF! | AH31: =#REF! -> #REF! | AI31: =#REF! -> #REF! | AJ31: =#REF! -> #REF! | AK31: =#REF! -> #REF! | AL31: =#REF! -> #REF! | AM31: =#REF! -> #REF! | AN31: =#REF! -> #REF! | ... AY31: =#REF! -> #REF! | AZ31: =COUNTIF(AF31:AY31,"D") -> 0
A32: 4 | B32: =Critères!$B32 -> 4.13 | C32: =Critères!$A20 -> MULTIMÉDIA | D32: ='P01'!$D30 -> NT | E32: =#REF! -> #REF! | F32: =#REF! -> #REF! | G32: =#REF! -> #REF! | H32: =#REF! -> #REF! | I32: =#REF! -> #REF! | J32: =#REF! -> #REF! | K32: =#REF! -> #REF! | L32: =#REF! -> #REF! | ... W32: =#REF! -> #REF! | X32: =COUNTIF(D32:W32,"C") -> 0 | Y32: =COUNTIF(D32:W32,"NC") -> 0 | Z32: =COUNTIF(D32:W32,"NA") -> 0 | AA32: =COUNTIF(D32:W32,"NT") -> 1 | AB32: =IF(Y32>0,"NC",IF(X32>0,"C",IF(AA32>0,"NT","NA"))) -> NT | AC32: 4 | AD32: =Critères!$B32 -> 4.13 | AE32: =Critères!$A20 -> MULTIMÉDIA | AF32: ='P01'!$E30 -> N | AG32: =#REF! -> #REF! | AH32: =#REF! -> #REF! | AI32: =#REF! -> #REF! | AJ32: =#REF! -> #REF! | AK32: =#REF! -> #REF! | AL32: =#REF! -> #REF! | AM32: =#REF! -> #REF! | AN32: =#REF! -> #REF! | ... AY32: =#REF! -> #REF! | AZ32: =COUNTIF(AF32:AY32,"D") -> 0
X33: =SUM(X20:X32) -> 0 | Y33: =SUM(Y20:Y32) -> 0 | Z33: =SUM(Z20:Z32) -> 0 | AA33: =SUM(AA20:AA32) -> 13 | AZ33: =SUM(AZ20:AZ32) -> 0
A34: 5 | B34: =Critères!$B34 -> 5.1 | C34: =Critères!$A34 -> TABLEAUX | D34: ='P01'!$D31 -> NT | E34: =#REF! -> #REF! | F34: =#REF! -> #REF! | G34: =#REF! -> #REF! | H34: =#REF! -> #REF! | I34: =#REF! -> #REF! | J34: =#REF! -> #REF! | K34: =#REF! -> #REF! | L34: =#REF! -> #REF! | ... W34: =#REF! -> #REF! | X34: =COUNTIF(D34:W34,"C") -> 0 | Y34: =COUNTIF(D34:W34,"NC") -> 0 | Z34: =COUNTIF(D34:W34,"NA") -> 0 | AA34: =COUNTIF(D34:W34,"NT") -> 1 | AB34: =IF(Y34>0,"NC",IF(X34>0,"C",IF(AA34>0,"NT","NA"))) -> NT | AC34: 5 | AD34: =Critères!$B34 -> 5.1 | AE34: =Critères!$A34 -> TABLEAUX | AF34: ='P01'!$E31 -> N | AG34: =#REF! -> #REF! | AH34: =#REF! -> #REF! | AI34: =#REF! -> #REF! | AJ34: =#REF! -> #REF! | AK34: =#REF! -> #REF! | AL34: =#REF! -> #REF! | AM34: =#REF! -> #REF! | AN34: =#REF! -> #REF! | ... AY34: =#REF! -> #REF! | AZ34: =COUNTIF(AF34:AY34,"D") -> 0
A35: 5 | B35: =Critères!$B35 -> 5.2 | C35: =Critères!$A34 -> TABLEAUX | D35: ='P01'!$D32 -> NT | E35: =#REF! -> #REF! | F35: =#REF! -> #REF! | G35: =#REF! -> #REF! | H35: =#REF! -> #REF! | I35: =#REF! -> #REF! | J35: =#REF! -> #REF! | K35: =#REF! -> #REF! | L35: =#REF! -> #REF! | ... W35: =#REF! -> #REF! | X35: =COUNTIF(D35:W35,"C") -> 0 | Y35: =COUNTIF(D35:W35,"NC") -> 0 | Z35: =COUNTIF(D35:W35,"NA") -> 0 | AA35: =COUNTIF(D35:W35,"NT") -> 1 | AB35: =IF(Y35>0,"NC",IF(X35>0,"C",IF(AA35>0,"NT","NA"))) -> NT | AC35: 5 | AD35: =Critères!$B35 -> 5.2 | AE35: =Critères!$A34 -> TABLEAUX | AF35: ='P01'!$E32 -> N | AG35: =#REF! -> #REF! | AH35: =#REF! -> #REF! | AI35: =#REF! -> #REF! | AJ35: =#REF! -> #REF! | AK35: =#REF! -> #REF! | AL35: =#REF! -> #REF! | AM35: =#REF! -> #REF! | AN35: =#REF! -> #REF! | ... AY35: =#REF! -> #REF! | AZ35: =COUNTIF(AF35:AY35,"D") -> 0
A36: 5 | B36: =Critères!$B36 -> 5.3 | C36: =Critères!$A34 -> TABLEAUX | D36: ='P01'!$D33 -> NT | E36: =#REF! -> #REF! | F36: =#REF! -> #REF! | G36: =#REF! -> #REF! | H36: =#REF! -> #REF! | I36: =#REF! -> #REF! | J36: =#REF! -> #REF! | K36: =#REF! -> #REF! | L36: =#REF! -> #REF! | ... W36: =#REF! -> #REF! | X36: =COUNTIF(D36:W36,"C") -> 0 | Y36: =COUNTIF(D36:W36,"NC") -> 0 | Z36: =COUNTIF(D36:W36,"NA") -> 0 | AA36: =COUNTIF(D36:W36,"NT") -> 1 | AB36: =IF(Y36>0,"NC",IF(X36>0,"C",IF(AA36>0,"NT","NA"))) -> NT | AC36: 5 | AD36: =Critères!$B36 -> 5.3 | AE36: =Critères!$A34 -> TABLEAUX | AF36: ='P01'!$E33 -> N | AG36: =#REF! -> #REF! | AH36: =#REF! -> #REF! | AI36: =#REF! -> #REF! | AJ36: =#REF! -> #REF! | AK36: =#REF! -> #REF! | AL36: =#REF! -> #REF! | AM36: =#REF! -> #REF! | AN36: =#REF! -> #REF! | ... AY36: =#REF! -> #REF! | AZ36: =COUNTIF(AF36:AY36,"D") -> 0
A37: 5 | B37: =Critères!$B37 -> 5.4 | C37: =Critères!$A34 -> TABLEAUX | D37: ='P01'!$D34 -> NT | E37: =#REF! -> #REF! | F37: =#REF! -> #REF! | G37: =#REF! -> #REF! | H37: =#REF! -> #REF! | I37: =#REF! -> #REF! | J37: =#REF! -> #REF! | K37: =#REF! -> #REF! | L37: =#REF! -> #REF! | ... W37: =#REF! -> #REF! | X37: =COUNTIF(D37:W37,"C") -> 0 | Y37: =COUNTIF(D37:W37,"NC") -> 0 | Z37: =COUNTIF(D37:W37,"NA") -> 0 | AA37: =COUNTIF(D37:W37,"NT") -> 1 | AB37: =IF(Y37>0,"NC",IF(X37>0,"C",IF(AA37>0,"NT","NA"))) -> NT | AC37: 5 | AD37: =Critères!$B37 -> 5.4 | AE37: =Critères!$A34 -> TABLEAUX | AF37: ='P01'!$E34 -> N | AG37: =#REF! -> #REF! | AH37: =#REF! -> #REF! | AI37: =#REF! -> #REF! | AJ37: =#REF! -> #REF! | AK37: =#REF! -> #REF! | AL37: =#REF! -> #REF! | AM37: =#REF! -> #REF! | AN37: =#REF! -> #REF! | ... AY37: =#REF! -> #REF! | AZ37: =COUNTIF(AF37:AY37,"D") -> 0
A38: 5 | B38: =Critères!$B38 -> 5.5 | C38: =Critères!$A34 -> TABLEAUX | D38: ='P01'!$D35 -> NT | E38: =#REF! -> #REF! | F38: =#REF! -> #REF! | G38: =#REF! -> #REF! | H38: =#REF! -> #REF! | I38: =#REF! -> #REF! | J38: =#REF! -> #REF! | K38: =#REF! -> #REF! | L38: =#REF! -> #REF! | ... W38: =#REF! -> #REF! | X38: =COUNTIF(D38:W38,"C") -> 0 | Y38: =COUNTIF(D38:W38,"NC") -> 0 | Z38: =COUNTIF(D38:W38,"NA") -> 0 | AA38: =COUNTIF(D38:W38,"NT") -> 1 | AB38: =IF(Y38>0,"NC",IF(X38>0,"C",IF(AA38>0,"NT","NA"))) -> NT | AC38: 5 | AD38: =Critères!$B38 -> 5.5 | AE38: =Critères!$A34 -> TABLEAUX | AF38: ='P01'!$E35 -> N | AG38: =#REF! -> #REF! | AH38: =#REF! -> #REF! | AI38: =#REF! -> #REF! | AJ38: =#REF! -> #REF! | AK38: =#REF! -> #REF! | AL38: =#REF! -> #REF! | AM38: =#REF! -> #REF! | AN38: =#REF! -> #REF! | ... AY38: =#REF! -> #REF! | AZ38: =COUNTIF(AF38:AY38,"D") -> 0
A39: 5 | B39: =Critères!$B39 -> 5.6 | C39: =Critères!$A34 -> TABLEAUX | D39: ='P01'!$D36 -> NT | E39: =#REF! -> #REF! | F39: =#REF! -> #REF! | G39: =#REF! -> #REF! | H39: =#REF! -> #REF! | I39: =#REF! -> #REF! | J39: =#REF! -> #REF! | K39: =#REF! -> #REF! | L39: =#REF! -> #REF! | ... W39: =#REF! -> #REF! | X39: =COUNTIF(D39:W39,"C") -> 0 | Y39: =COUNTIF(D39:W39,"NC") -> 0 | Z39: =COUNTIF(D39:W39,"NA") -> 0 | AA39: =COUNTIF(D39:W39,"NT") -> 1 | AB39: =IF(Y39>0,"NC",IF(X39>0,"C",IF(AA39>0,"NT","NA"))) -> NT | AC39: 5 | AD39: =Critères!$B39 -> 5.6 | AE39: =Critères!$A34 -> TABLEAUX | AF39: ='P01'!$E36 -> N | AG39: =#REF! -> #REF! | AH39: =#REF! -> #REF! | AI39: =#REF! -> #REF! | AJ39: =#REF! -> #REF! | AK39: =#REF! -> #REF! | AL39: =#REF! -> #REF! | AM39: =#REF! -> #REF! | AN39: =#REF! -> #REF! | ... AY39: =#REF! -> #REF! | AZ39: =COUNTIF(AF39:AY39,"D") -> 0
A40: 5 | B40: =Critères!$B40 -> 5.7 | C40: =Critères!$A34 -> TABLEAUX | D40: ='P01'!$D37 -> NT | E40: =#REF! -> #REF! | F40: =#REF! -> #REF! | G40: =#REF! -> #REF! | H40: =#REF! -> #REF! | I40: =#REF! -> #REF! | J40: =#REF! -> #REF! | K40: =#REF! -> #REF! | L40: =#REF! -> #REF! | ... W40: =#REF! -> #REF! | X40: =COUNTIF(D40:W40,"C") -> 0 | Y40: =COUNTIF(D40:W40,"NC") -> 0 | Z40: =COUNTIF(D40:W40,"NA") -> 0 | AA40: =COUNTIF(D40:W40,"NT") -> 1 | AB40: =IF(Y40>0,"NC",IF(X40>0,"C",IF(AA40>0,"NT","NA"))) -> NT | AC40: 5 | AD40: =Critères!$B40 -> 5.7 | AE40: =Critères!$A34 -> TABLEAUX | AF40: ='P01'!$E37 -> N | AG40: =#REF! -> #REF! | AH40: =#REF! -> #REF! | AI40: =#REF! -> #REF! | AJ40: =#REF! -> #REF! | AK40: =#REF! -> #REF! | AL40: =#REF! -> #REF! | AM40: =#REF! -> #REF! | AN40: =#REF! -> #REF! | ... AY40: =#REF! -> #REF! | AZ40: =COUNTIF(AF40:AY40,"D") -> 0
A41: 5 | B41: =Critères!$B41 -> 5.8 | C41: =Critères!$A34 -> TABLEAUX | D41: ='P01'!$D38 -> NT | E41: =#REF! -> #REF! | F41: =#REF! -> #REF! | G41: =#REF! -> #REF! | H41: =#REF! -> #REF! | I41: =#REF! -> #REF! | J41: =#REF! -> #REF! | K41: =#REF! -> #REF! | L41: =#REF! -> #REF! | ... W41: =#REF! -> #REF! | X41: =COUNTIF(D41:W41,"C") -> 0 | Y41: =COUNTIF(D41:W41,"NC") -> 0 | Z41: =COUNTIF(D41:W41,"NA") -> 0 | AA41: =COUNTIF(D41:W41,"NT") -> 1 | AB41: =IF(Y41>0,"NC",IF(X41>0,"C",IF(AA41>0,"NT","NA"))) -> NT | AC41: 5 | AD41: =Critères!$B41 -> 5.8 | AE41: =Critères!$A34 -> TABLEAUX | AF41: ='P01'!$E38 -> N | AG41: =#REF! -> #REF! | AH41: =#REF! -> #REF! | AI41: =#REF! -> #REF! | AJ41: =#REF! -> #REF! | AK41: =#REF! -> #REF! | AL41: =#REF! -> #REF! | AM41: =#REF! -> #REF! | AN41: =#REF! -> #REF! | ... AY41: =#REF! -> #REF! | AZ41: =COUNTIF(AF41:AY41,"D") -> 0
X42: =SUM(X34:X41) -> 0 | Y42: =SUM(Y34:Y41) -> 0 | Z42: =SUM(Z34:Z41) -> 0 | AA42: =SUM(AA34:AA41) -> 8 | AZ42: =SUM(AZ34:AZ41) -> 0
A43: 6 | B43: =Critères!$B43 -> 6.1 | C43: =Critères!$A43 -> LIENS | D43: ='P01'!$D39 -> NT | E43: =#REF! -> #REF! | F43: =#REF! -> #REF! | G43: =#REF! -> #REF! | H43: =#REF! -> #REF! | I43: =#REF! -> #REF! | J43: =#REF! -> #REF! | K43: =#REF! -> #REF! | L43: =#REF! -> #REF! | ... W43: =#REF! -> #REF! | X43: =COUNTIF(D43:W43,"C") -> 0 | Y43: =COUNTIF(D43:W43,"NC") -> 0 | Z43: =COUNTIF(D43:W43,"NA") -> 0 | AA43: =COUNTIF(D43:W43,"NT") -> 1 | AB43: =IF(Y43>0,"NC",IF(X43>0,"C",IF(AA43>0,"NT","NA"))) -> NT | AC43: 6 | AD43: =Critères!$B43 -> 6.1 | AE43: =Critères!$A43 -> LIENS | AF43: ='P01'!$E39 -> N | AG43: =#REF! -> #REF! | AH43: =#REF! -> #REF! | AI43: =#REF! -> #REF! | AJ43: =#REF! -> #REF! | AK43: =#REF! -> #REF! | AL43: =#REF! -> #REF! | AM43: =#REF! -> #REF! | AN43: =#REF! -> #REF! | ... AY43: =#REF! -> #REF! | AZ43: =COUNTIF(AF43:AY43,"D") -> 0
A44: 6 | B44: =Critères!$B44 -> 6.2 | C44: =Critères!$A43 -> LIENS | D44: ='P01'!$D40 -> NT | E44: =#REF! -> #REF! | F44: =#REF! -> #REF! | G44: =#REF! -> #REF! | H44: =#REF! -> #REF! | I44: =#REF! -> #REF! | J44: =#REF! -> #REF! | K44: =#REF! -> #REF! | L44: =#REF! -> #REF! | ... W44: =#REF! -> #REF! | X44: =COUNTIF(D44:W44,"C") -> 0 | Y44: =COUNTIF(D44:W44,"NC") -> 0 | Z44: =COUNTIF(D44:W44,"NA") -> 0 | AA44: =COUNTIF(D44:W44,"NT") -> 1 | AB44: =IF(Y44>0,"NC",IF(X44>0,"C",IF(AA44>0,"NT","NA"))) -> NT | AC44: 6 | AD44: =Critères!$B44 -> 6.2 | AE44: =Critères!$A43 -> LIENS | AF44: ='P01'!$E40 -> N | AG44: =#REF! -> #REF! | AH44: =#REF! -> #REF! | AI44: =#REF! -> #REF! | AJ44: =#REF! -> #REF! | AK44: =#REF! -> #REF! | AL44: =#REF! -> #REF! | AM44: =#REF! -> #REF! | AN44: =#REF! -> #REF! | ... AY44: =#REF! -> #REF! | AZ44: =COUNTIF(AF44:AY44,"D") -> 0
X45: =SUM(X43:X44) -> 0 | Y45: =SUM(Y43:Y44) -> 0 | Z45: =SUM(Z43:Z44) -> 0 | AA45: =SUM(AA43:AA44) -> 2 | AZ45: =SUM(AZ43:AZ44) -> 0
A46: 7 | B46: =Critères!$B46 -> 7.1 | C46: =Critères!$A46 -> SCRIPTS | D46: ='P01'!$D41 -> NT | E46: =#REF! -> #REF! | F46: =#REF! -> #REF! | G46: =#REF! -> #REF! | H46: =#REF! -> #REF! | I46: =#REF! -> #REF! | J46: =#REF! -> #REF! | K46: =#REF! -> #REF! | L46: =#REF! -> #REF! | ... W46: =#REF! -> #REF! | X46: =COUNTIF(D46:W46,"C") -> 0 | Y46: =COUNTIF(D46:W46,"NC") -> 0 | Z46: =COUNTIF(D46:W46,"NA") -> 0 | AA46: =COUNTIF(D46:W46,"NT") -> 1 | AB46: =IF(Y46>0,"NC",IF(X46>0,"C",IF(AA46>0,"NT","NA"))) -> NT | AC46: 7 | AD46: =Critères!$B46 -> 7.1 | AE46: =Critères!$A46 -> SCRIPTS | AF46: ='P01'!$E41 -> N | AG46: =#REF! -> #REF! | AH46: =#REF! -> #REF! | AI46: =#REF! -> #REF! | AJ46: =#REF! -> #REF! | AK46: =#REF! -> #REF! | AL46: =#REF! -> #REF! | AM46: =#REF! -> #REF! | AN46: =#REF! -> #REF! | ... AY46: =#REF! -> #REF! | AZ46: =COUNTIF(AF46:AY46,"D") -> 0
A47: 7 | B47: =Critères!$B47 -> 7.2 | C47: =Critères!$A46 -> SCRIPTS | D47: ='P01'!$D42 -> NT | E47: =#REF! -> #REF! | F47: =#REF! -> #REF! | G47: =#REF! -> #REF! | H47: =#REF! -> #REF! | I47: =#REF! -> #REF! | J47: =#REF! -> #REF! | K47: =#REF! -> #REF! | L47: =#REF! -> #REF! | ... W47: =#REF! -> #REF! | X47: =COUNTIF(D47:W47,"C") -> 0 | Y47: =COUNTIF(D47:W47,"NC") -> 0 | Z47: =COUNTIF(D47:W47,"NA") -> 0 | AA47: =COUNTIF(D47:W47,"NT") -> 1 | AB47: =IF(Y47>0,"NC",IF(X47>0,"C",IF(AA47>0,"NT","NA"))) -> NT | AC47: 7 | AD47: =Critères!$B47 -> 7.2 | AE47: =Critères!$A46 -> SCRIPTS | AF47: ='P01'!$E42 -> N | AG47: =#REF! -> #REF! | AH47: =#REF! -> #REF! | AI47: =#REF! -> #REF! | AJ47: =#REF! -> #REF! | AK47: =#REF! -> #REF! | AL47: =#REF! -> #REF! | AM47: =#REF! -> #REF! | AN47: =#REF! -> #REF! | ... AY47: =#REF! -> #REF! | AZ47: =COUNTIF(AF47:AY47,"D") -> 0
A48: 7 | B48: =Critères!$B48 -> 7.3 | C48: =Critères!$A46 -> SCRIPTS | D48: ='P01'!$D43 -> NT | E48: =#REF! -> #REF! | F48: =#REF! -> #REF! | G48: =#REF! -> #REF! | H48: =#REF! -> #REF! | I48: =#REF! -> #REF! | J48: =#REF! -> #REF! | K48: =#REF! -> #REF! | L48: =#REF! -> #REF! | ... W48: =#REF! -> #REF! | X48: =COUNTIF(D48:W48,"C") -> 0 | Y48: =COUNTIF(D48:W48,"NC") -> 0 | Z48: =COUNTIF(D48:W48,"NA") -> 0 | AA48: =COUNTIF(D48:W48,"NT") -> 1 | AB48: =IF(Y48>0,"NC",IF(X48>0,"C",IF(AA48>0,"NT","NA"))) -> NT | AC48: 7 | AD48: =Critères!$B48 -> 7.3 | AE48: =Critères!$A46 -> SCRIPTS | AF48: ='P01'!$E43 -> N | AG48: =#REF! -> #REF! | AH48: =#REF! -> #REF! | AI48: =#REF! -> #REF! | AJ48: =#REF! -> #REF! | AK48: =#REF! -> #REF! | AL48: =#REF! -> #REF! | AM48: =#REF! -> #REF! | AN48: =#REF! -> #REF! | ... AY48: =#REF! -> #REF! | AZ48: =COUNTIF(AF48:AY48,"D") -> 0
A49: 7 | B49: =Critères!$B49 -> 7.4 | C49: =Critères!$A46 -> SCRIPTS | D49: ='P01'!$D44 -> NT | E49: =#REF! -> #REF! | F49: =#REF! -> #REF! | G49: =#REF! -> #REF! | H49: =#REF! -> #REF! | I49: =#REF! -> #REF! | J49: =#REF! -> #REF! | K49: =#REF! -> #REF! | L49: =#REF! -> #REF! | ... W49: =#REF! -> #REF! | X49: =COUNTIF(D49:W49,"C") -> 0 | Y49: =COUNTIF(D49:W49,"NC") -> 0 | Z49: =COUNTIF(D49:W49,"NA") -> 0 | AA49: =COUNTIF(D49:W49,"NT") -> 1 | AB49: =IF(Y49>0,"NC",IF(X49>0,"C",IF(AA49>0,"NT","NA"))) -> NT | AC49: 7 | AD49: =Critères!$B49 -> 7.4 | AE49: =Critères!$A46 -> SCRIPTS | AF49: ='P01'!$E44 -> N | AG49: =#REF! -> #REF! | AH49: =#REF! -> #REF! | AI49: =#REF! -> #REF! | AJ49: =#REF! -> #REF! | AK49: =#REF! -> #REF! | AL49: =#REF! -> #REF! | AM49: =#REF! -> #REF! | AN49: =#REF! -> #REF! | ... AY49: =#REF! -> #REF! | AZ49: =COUNTIF(AF49:AY49,"D") -> 0
A50: 7 | B50: =Critères!$B50 -> 7.5 | C50: =Critères!$A46 -> SCRIPTS | D50: ='P01'!$D45 -> NT | E50: =#REF! -> #REF! | F50: =#REF! -> #REF! | G50: =#REF! -> #REF! | H50: =#REF! -> #REF! | I50: =#REF! -> #REF! | J50: =#REF! -> #REF! | K50: =#REF! -> #REF! | L50: =#REF! -> #REF! | ... W50: =#REF! -> #REF! | X50: =COUNTIF(D50:W50,"C") -> 0 | Y50: =COUNTIF(D50:W50,"NC") -> 0 | Z50: =COUNTIF(D50:W50,"NA") -> 0 | AA50: =COUNTIF(D50:W50,"NT") -> 1 | AB50: =IF(Y50>0,"NC",IF(X50>0,"C",IF(AA50>0,"NT","NA"))) -> NT | AC50: 7 | AD50: =Critères!$B50 -> 7.5 | AE50: =Critères!$A46 -> SCRIPTS | AF50: ='P01'!$E45 -> N | AG50: =#REF! -> #REF! | AH50: =#REF! -> #REF! | AI50: =#REF! -> #REF! | AJ50: =#REF! -> #REF! | AK50: =#REF! -> #REF! | AL50: =#REF! -> #REF! | AM50: =#REF! -> #REF! | AN50: =#REF! -> #REF! | ... AY50: =#REF! -> #REF! | AZ50: =COUNTIF(AF50:AY50,"D") -> 0
X51: =SUM(X46:X50) -> 0 | Y51: =SUM(Y46:Y50) -> 0 | Z51: =SUM(Z46:Z50) -> 0 | AA51: =SUM(AA46:AA50) -> 5 | AZ51: =SUM(AZ46:AZ50) -> 0
A52: 8 | B52: =Critères!$B52 -> 8.1 | C52: =Critères!$A52 -> ÉLÉMENTS OBLIGATOIRES | D52: ='P01'!$D46 -> NT | E52: =#REF! -> #REF! | F52: =#REF! -> #REF! | G52: =#REF! -> #REF! | H52: =#REF! -> #REF! | I52: =#REF! -> #REF! | J52: =#REF! -> #REF! | K52: =#REF! -> #REF! | L52: =#REF! -> #REF! | ... W52: =#REF! -> #REF! | X52: =COUNTIF(D52:W52,"C") -> 0 | Y52: =COUNTIF(D52:W52,"NC") -> 0 | Z52: =COUNTIF(D52:W52,"NA") -> 0 | AA52: =COUNTIF(D52:W52,"NT") -> 1 | AB52: =IF(Y52>0,"NC",IF(X52>0,"C",IF(AA52>0,"NT","NA"))) -> NT | AC52: 8 | AD52: =Critères!$B52 -> 8.1 | AE52: =Critères!$A52 -> ÉLÉMENTS OBLIGATOIRES | AF52: ='P01'!$E46 -> N | AG52: =#REF! -> #REF! | AH52: =#REF! -> #REF! | AI52: =#REF! -> #REF! | AJ52: =#REF! -> #REF! | AK52: =#REF! -> #REF! | AL52: =#REF! -> #REF! | AM52: =#REF! -> #REF! | AN52: =#REF! -> #REF! | ... AY52: =#REF! -> #REF! | AZ52: =COUNTIF(AF52:AY52,"D") -> 0
A53: 8 | B53: =Critères!$B53 -> 8.2 | C53: =Critères!$A52 -> ÉLÉMENTS OBLIGATOIRES | D53: ='P01'!$D47 -> NT | E53: =#REF! -> #REF! | F53: =#REF! -> #REF! | G53: =#REF! -> #REF! | H53: =#REF! -> #REF! | I53: =#REF! -> #REF! | J53: =#REF! -> #REF! | K53: =#REF! -> #REF! | L53: =#REF! -> #REF! | ... W53: =#REF! -> #REF! | X53: =COUNTIF(D53:W53,"C") -> 0 | Y53: =COUNTIF(D53:W53,"NC") -> 0 | Z53: =COUNTIF(D53:W53,"NA") -> 0 | AA53: =COUNTIF(D53:W53,"NT") -> 1 | AB53: =IF(Y53>0,"NC",IF(X53>0,"C",IF(AA53>0,"NT","NA"))) -> NT | AC53: 8 | AD53: =Critères!$B53 -> 8.2 | AE53: =Critères!$A52 -> ÉLÉMENTS OBLIGATOIRES | AF53: ='P01'!$E47 -> N | AG53: =#REF! -> #REF! | AH53: =#REF! -> #REF! | AI53: =#REF! -> #REF! | AJ53: =#REF! -> #REF! | AK53: =#REF! -> #REF! | AL53: =#REF! -> #REF! | AM53: =#REF! -> #REF! | AN53: =#REF! -> #REF! | ... AY53: =#REF! -> #REF! | AZ53: =COUNTIF(AF53:AY53,"D") -> 0
A54: 8 | B54: =Critères!$B54 -> 8.3 | C54: =Critères!$A52 -> ÉLÉMENTS OBLIGATOIRES | D54: ='P01'!$D48 -> NT | E54: =#REF! -> #REF! | F54: =#REF! -> #REF! | G54: =#REF! -> #REF! | H54: =#REF! -> #REF! | I54: =#REF! -> #REF! | J54: =#REF! -> #REF! | K54: =#REF! -> #REF! | L54: =#REF! -> #REF! | ... W54: =#REF! -> #REF! | X54: =COUNTIF(D54:W54,"C") -> 0 | Y54: =COUNTIF(D54:W54,"NC") -> 0 | Z54: =COUNTIF(D54:W54,"NA") -> 0 | AA54: =COUNTIF(D54:W54,"NT") -> 1 | AB54: =IF(Y54>0,"NC",IF(X54>0,"C",IF(AA54>0,"NT","NA"))) -> NT | AC54: 8 | AD54: =Critères!$B54 -> 8.3 | AE54: =Critères!$A52 -> ÉLÉMENTS OBLIGATOIRES | AF54: ='P01'!$E48 -> N | AG54: =#REF! -> #REF! | AH54: =#REF! -> #REF! | AI54: =#REF! -> #REF! | AJ54: =#REF! -> #REF! | AK54: =#REF! -> #REF! | AL54: =#REF! -> #REF! | AM54: =#REF! -> #REF! | AN54: =#REF! -> #REF! | ... AY54: =#REF! -> #REF! | AZ54: =COUNTIF(AF54:AY54,"D") -> 0
A55: 8 | B55: =Critères!$B55 -> 8.4 | C55: =Critères!$A52 -> ÉLÉMENTS OBLIGATOIRES | D55: ='P01'!$D49 -> NT | E55: =#REF! -> #REF! | F55: =#REF! -> #REF! | G55: =#REF! -> #REF! | H55: =#REF! -> #REF! | I55: =#REF! -> #REF! | J55: =#REF! -> #REF! | K55: =#REF! -> #REF! | L55: =#REF! -> #REF! | ... W55: =#REF! -> #REF! | X55: =COUNTIF(D55:W55,"C") -> 0 | Y55: =COUNTIF(D55:W55,"NC") -> 0 | Z55: =COUNTIF(D55:W55,"NA") -> 0 | AA55: =COUNTIF(D55:W55,"NT") -> 1 | AB55: =IF(Y55>0,"NC",IF(X55>0,"C",IF(AA55>0,"NT","NA"))) -> NT | AC55: 8 | AD55: =Critères!$B55 -> 8.4 | AE55: =Critères!$A52 -> ÉLÉMENTS OBLIGATOIRES | AF55: ='P01'!$E49 -> N | AG55: =#REF! -> #REF! | AH55: =#REF! -> #REF! | AI55: =#REF! -> #REF! | AJ55: =#REF! -> #REF! | AK55: =#REF! -> #REF! | AL55: =#REF! -> #REF! | AM55: =#REF! -> #REF! | AN55: =#REF! -> #REF! | ... AY55: =#REF! -> #REF! | AZ55: =COUNTIF(AF55:AY55,"D") -> 0
A56: 8 | B56: =Critères!$B56 -> 8.5 | C56: =Critères!$A52 -> ÉLÉMENTS OBLIGATOIRES | D56: ='P01'!$D50 -> NT | E56: =#REF! -> #REF! | F56: =#REF! -> #REF! | G56: =#REF! -> #REF! | H56: =#REF! -> #REF! | I56: =#REF! -> #REF! | J56: =#REF! -> #REF! | K56: =#REF! -> #REF! | L56: =#REF! -> #REF! | ... W56: =#REF! -> #REF! | X56: =COUNTIF(D56:W56,"C") -> 0 | Y56: =COUNTIF(D56:W56,"NC") -> 0 | Z56: =COUNTIF(D56:W56,"NA") -> 0 | AA56: =COUNTIF(D56:W56,"NT") -> 1 | AB56: =IF(Y56>0,"NC",IF(X56>0,"C",IF(AA56>0,"NT","NA"))) -> NT | AC56: 8 | AD56: =Critères!$B56 -> 8.5 | AE56: =Critères!$A52 -> ÉLÉMENTS OBLIGATOIRES | AF56: ='P01'!$E50 -> N | AG56: =#REF! -> #REF! | AH56: =#REF! -> #REF! | AI56: =#REF! -> #REF! | AJ56: =#REF! -> #REF! | AK56: =#REF! -> #REF! | AL56: =#REF! -> #REF! | AM56: =#REF! -> #REF! | AN56: =#REF! -> #REF! | ... AY56: =#REF! -> #REF! | AZ56: =COUNTIF(AF56:AY56,"D") -> 0
A57: 8 | B57: =Critères!$B57 -> 8.6 | C57: =Critères!$A52 -> ÉLÉMENTS OBLIGATOIRES | D57: ='P01'!$D51 -> NT | E57: =#REF! -> #REF! | F57: =#REF! -> #REF! | G57: =#REF! -> #REF! | H57: =#REF! -> #REF! | I57: =#REF! -> #REF! | J57: =#REF! -> #REF! | K57: =#REF! -> #REF! | L57: =#REF! -> #REF! | ... W57: =#REF! -> #REF! | X57: =COUNTIF(D57:W57,"C") -> 0 | Y57: =COUNTIF(D57:W57,"NC") -> 0 | Z57: =COUNTIF(D57:W57,"NA") -> 0 | AA57: =COUNTIF(D57:W57,"NT") -> 1 | AB57: =IF(Y57>0,"NC",IF(X57>0,"C",IF(AA57>0,"NT","NA"))) -> NT | AC57: 8 | AD57: =Critères!$B57 -> 8.6 | AE57: =Critères!$A52 -> ÉLÉMENTS OBLIGATOIRES | AF57: ='P01'!$E51 -> N | AG57: =#REF! -> #REF! | AH57: =#REF! -> #REF! | AI57: =#REF! -> #REF! | AJ57: =#REF! -> #REF! | AK57: =#REF! -> #REF! | AL57: =#REF! -> #REF! | AM57: =#REF! -> #REF! | AN57: =#REF! -> #REF! | ... AY57: =#REF! -> #REF! | AZ57: =COUNTIF(AF57:AY57,"D") -> 0
A58: 8 | B58: =Critères!$B58 -> 8.7 | C58: =Critères!$A52 -> ÉLÉMENTS OBLIGATOIRES | D58: ='P01'!$D52 -> NT | E58: =#REF! -> #REF! | F58: =#REF! -> #REF! | G58: =#REF! -> #REF! | H58: =#REF! -> #REF! | I58: =#REF! -> #REF! | J58: =#REF! -> #REF! | K58: =#REF! -> #REF! | L58: =#REF! -> #REF! | ... W58: =#REF! -> #REF! | X58: =COUNTIF(D58:W58,"C") -> 0 | Y58: =COUNTIF(D58:W58,"NC") -> 0 | Z58: =COUNTIF(D58:W58,"NA") -> 0 | AA58: =COUNTIF(D58:W58,"NT") -> 1 | AB58: =IF(Y58>0,"NC",IF(X58>0,"C",IF(AA58>0,"NT","NA"))) -> NT | AC58: 8 | AD58: =Critères!$B58 -> 8.7 | AE58: =Critères!$A52 -> ÉLÉMENTS OBLIGATOIRES | AF58: ='P01'!$E52 -> N | AG58: =#REF! -> #REF! | AH58: =#REF! -> #REF! | AI58: =#REF! -> #REF! | AJ58: =#REF! -> #REF! | AK58: =#REF! -> #REF! | AL58: =#REF! -> #REF! | AM58: =#REF! -> #REF! | AN58: =#REF! -> #REF! | ... AY58: =#REF! -> #REF! | AZ58: =COUNTIF(AF58:AY58,"D") -> 0
A59: 8 | B59: =Critères!$B59 -> 8.8 | C59: =Critères!$A52 -> ÉLÉMENTS OBLIGATOIRES | D59: ='P01'!$D53 -> NT | E59: =#REF! -> #REF! | F59: =#REF! -> #REF! | G59: =#REF! -> #REF! | H59: =#REF! -> #REF! | I59: =#REF! -> #REF! | J59: =#REF! -> #REF! | K59: =#REF! -> #REF! | L59: =#REF! -> #REF! | ... W59: =#REF! -> #REF! | X59: =COUNTIF(D59:W59,"C") -> 0 | Y59: =COUNTIF(D59:W59,"NC") -> 0 | Z59: =COUNTIF(D59:W59,"NA") -> 0 | AA59: =COUNTIF(D59:W59,"NT") -> 1 | AB59: =IF(Y59>0,"NC",IF(X59>0,"C",IF(AA59>0,"NT","NA"))) -> NT | AC59: 8 | AD59: =Critères!$B59 -> 8.8 | AE59: =Critères!$A52 -> ÉLÉMENTS OBLIGATOIRES | AF59: ='P01'!$E53 -> N | AG59: =#REF! -> #REF! | AH59: =#REF! -> #REF! | AI59: =#REF! -> #REF! | AJ59: =#REF! -> #REF! | AK59: =#REF! -> #REF! | AL59: =#REF! -> #REF! | AM59: =#REF! -> #REF! | AN59: =#REF! -> #REF! | ... AY59: =#REF! -> #REF! | AZ59: =COUNTIF(AF59:AY59,"D") -> 0
A60: 8 | B60: =Critères!$B60 -> 8.9 | C60: =Critères!$A52 -> ÉLÉMENTS OBLIGATOIRES | D60: ='P01'!$D54 -> NT | E60: =#REF! -> #REF! | F60: =#REF! -> #REF! | G60: =#REF! -> #REF! | H60: =#REF! -> #REF! | I60: =#REF! -> #REF! | J60: =#REF! -> #REF! | K60: =#REF! -> #REF! | L60: =#REF! -> #REF! | ... W60: =#REF! -> #REF! | X60: =COUNTIF(D60:W60,"C") -> 0 | Y60: =COUNTIF(D60:W60,"NC") -> 0 | Z60: =COUNTIF(D60:W60,"NA") -> 0 | AA60: =COUNTIF(D60:W60,"NT") -> 1 | AB60: =IF(Y60>0,"NC",IF(X60>0,"C",IF(AA60>0,"NT","NA"))) -> NT | AC60: 8 | AD60: =Critères!$B60 -> 8.9 | AE60: =Critères!$A52 -> ÉLÉMENTS OBLIGATOIRES | AF60: ='P01'!$E54 -> N | AG60: =#REF! -> #REF! | AH60: =#REF! -> #REF! | AI60: =#REF! -> #REF! | AJ60: =#REF! -> #REF! | AK60: =#REF! -> #REF! | AL60: =#REF! -> #REF! | AM60: =#REF! -> #REF! | AN60: =#REF! -> #REF! | ... AY60: =#REF! -> #REF! | AZ60: =COUNTIF(AF60:AY60,"D") -> 0
A61: 8 | B61: =Critères!$B61 -> 8.10 | C61: =Critères!$A52 -> ÉLÉMENTS OBLIGATOIRES | D61: ='P01'!$D55 -> NT | E61: =#REF! -> #REF! | F61: =#REF! -> #REF! | G61: =#REF! -> #REF! | H61: =#REF! -> #REF! | I61: =#REF! -> #REF! | J61: =#REF! -> #REF! | K61: =#REF! -> #REF! | L61: =#REF! -> #REF! | ... W61: =#REF! -> #REF! | X61: =COUNTIF(D61:W61,"C") -> 0 | Y61: =COUNTIF(D61:W61,"NC") -> 0 | Z61: =COUNTIF(D61:W61,"NA") -> 0 | AA61: =COUNTIF(D61:W61,"NT") -> 1 | AB61: =IF(Y61>0,"NC",IF(X61>0,"C",IF(AA61>0,"NT","NA"))) -> NT | AC61: 8 | AD61: =Critères!$B61 -> 8.10 | AE61: =Critères!$A52 -> ÉLÉMENTS OBLIGATOIRES | AF61: ='P01'!$E55 -> N | AG61: =#REF! -> #REF! | AH61: =#REF! -> #REF! | AI61: =#REF! -> #REF! | AJ61: =#REF! -> #REF! | AK61: =#REF! -> #REF! | AL61: =#REF! -> #REF! | AM61: =#REF! -> #REF! | AN61: =#REF! -> #REF! | ... AY61: =#REF! -> #REF! | AZ61: =COUNTIF(AF61:AY61,"D") -> 0
X62: =SUM(X52:X61) -> 0 | Y62: =SUM(Y52:Y61) -> 0 | Z62: =SUM(Z52:Z61) -> 0 | AA62: =SUM(AA52:AA61) -> 10 | AZ62: =SUM(AZ52:AZ61) -> 0
A63: 9 | B63: =Critères!$B63 -> 9.1 | C63: =Critères!$A63 -> STRUCTURATION | D63: ='P01'!$D56 -> NT | E63: =#REF! -> #REF! | F63: =#REF! -> #REF! | G63: =#REF! -> #REF! | H63: =#REF! -> #REF! | I63: =#REF! -> #REF! | J63: =#REF! -> #REF! | K63: =#REF! -> #REF! | L63: =#REF! -> #REF! | ... W63: =#REF! -> #REF! | X63: =COUNTIF(D63:W63,"C") -> 0 | Y63: =COUNTIF(D63:W63,"NC") -> 0 | Z63: =COUNTIF(D63:W63,"NA") -> 0 | AA63: =COUNTIF(D63:W63,"NT") -> 1 | AB63: =IF(Y63>0,"NC",IF(X63>0,"C",IF(AA63>0,"NT","NA"))) -> NT | AC63: 9 | AD63: =Critères!$B63 -> 9.1 | AE63: =Critères!$A63 -> STRUCTURATION | AF63: ='P01'!$E56 -> N | AG63: =#REF! -> #REF! | AH63: =#REF! -> #REF! | AI63: =#REF! -> #REF! | AJ63: =#REF! -> #REF! | AK63: =#REF! -> #REF! | AL63: =#REF! -> #REF! | AM63: =#REF! -> #REF! | AN63: =#REF! -> #REF! | ... AY63: =#REF! -> #REF! | AZ63: =COUNTIF(AF63:AY63,"D") -> 0
A64: 9 | B64: =Critères!$B64 -> 9.2 | C64: =Critères!$A63 -> STRUCTURATION | D64: ='P01'!$D57 -> NT | E64: =#REF! -> #REF! | F64: =#REF! -> #REF! | G64: =#REF! -> #REF! | H64: =#REF! -> #REF! | I64: =#REF! -> #REF! | J64: =#REF! -> #REF! | K64: =#REF! -> #REF! | L64: =#REF! -> #REF! | ... W64: =#REF! -> #REF! | X64: =COUNTIF(D64:W64,"C") -> 0 | Y64: =COUNTIF(D64:W64,"NC") -> 0 | Z64: =COUNTIF(D64:W64,"NA") -> 0 | AA64: =COUNTIF(D64:W64,"NT") -> 1 | AB64: =IF(Y64>0,"NC",IF(X64>0,"C",IF(AA64>0,"NT","NA"))) -> NT | AC64: 9 | AD64: =Critères!$B64 -> 9.2 | AE64: =Critères!$A63 -> STRUCTURATION | AF64: ='P01'!$E57 -> N | AG64: =#REF! -> #REF! | AH64: =#REF! -> #REF! | AI64: =#REF! -> #REF! | AJ64: =#REF! -> #REF! | AK64: =#REF! -> #REF! | AL64: =#REF! -> #REF! | AM64: =#REF! -> #REF! | AN64: =#REF! -> #REF! | ... AY64: =#REF! -> #REF! | AZ64: =COUNTIF(AF64:AY64,"D") -> 0
A65: 9 | B65: =Critères!$B65 -> 9.3 | C65: =Critères!$A63 -> STRUCTURATION | D65: ='P01'!$D58 -> NT | E65: =#REF! -> #REF! | F65: =#REF! -> #REF! | G65: =#REF! -> #REF! | H65: =#REF! -> #REF! | I65: =#REF! -> #REF! | J65: =#REF! -> #REF! | K65: =#REF! -> #REF! | L65: =#REF! -> #REF! | ... W65: =#REF! -> #REF! | X65: =COUNTIF(D65:W65,"C") -> 0 | Y65: =COUNTIF(D65:W65,"NC") -> 0 | Z65: =COUNTIF(D65:W65,"NA") -> 0 | AA65: =COUNTIF(D65:W65,"NT") -> 1 | AB65: =IF(Y65>0,"NC",IF(X65>0,"C",IF(AA65>0,"NT","NA"))) -> NT | AC65: 9 | AD65: =Critères!$B65 -> 9.3 | AE65: =Critères!$A63 -> STRUCTURATION | AF65: ='P01'!$E58 -> N | AG65: =#REF! -> #REF! | AH65: =#REF! -> #REF! | AI65: =#REF! -> #REF! | AJ65: =#REF! -> #REF! | AK65: =#REF! -> #REF! | AL65: =#REF! -> #REF! | AM65: =#REF! -> #REF! | AN65: =#REF! -> #REF! | ... AY65: =#REF! -> #REF! | AZ65: =COUNTIF(AF65:AY65,"D") -> 0
A66: 9 | B66: =Critères!$B66 -> 9.4 | C66: =Critères!$A63 -> STRUCTURATION | D66: ='P01'!$D59 -> NT | E66: =#REF! -> #REF! | F66: =#REF! -> #REF! | G66: =#REF! -> #REF! | H66: =#REF! -> #REF! | I66: =#REF! -> #REF! | J66: =#REF! -> #REF! | K66: =#REF! -> #REF! | L66: =#REF! -> #REF! | ... W66: =#REF! -> #REF! | X66: =COUNTIF(D66:W66,"C") -> 0 | Y66: =COUNTIF(D66:W66,"NC") -> 0 | Z66: =COUNTIF(D66:W66,"NA") -> 0 | AA66: =COUNTIF(D66:W66,"NT") -> 1 | AB66: =IF(Y66>0,"NC",IF(X66>0,"C",IF(AA66>0,"NT","NA"))) -> NT | AC66: 9 | AD66: =Critères!$B66 -> 9.4 | AE66: =Critères!$A63 -> STRUCTURATION | AF66: ='P01'!$E59 -> N | AG66: =#REF! -> #REF! | AH66: =#REF! -> #REF! | AI66: =#REF! -> #REF! | AJ66: =#REF! -> #REF! | AK66: =#REF! -> #REF! | AL66: =#REF! -> #REF! | AM66: =#REF! -> #REF! | AN66: =#REF! -> #REF! | ... AY66: =#REF! -> #REF! | AZ66: =COUNTIF(AF66:AY66,"D") -> 0
X67: =SUM(X63:X66) -> 0 | Y67: =SUM(Y63:Y66) -> 0 | Z67: =SUM(Z63:Z66) -> 0 | AA67: =SUM(AA63:AA66) -> 4 | AZ67: =SUM(AZ63:AZ66) -> 0
A68: 10 | B68: =Critères!$B68 -> 10.1 | C68: =Critères!$A68 -> PRÉSENTATION | D68: ='P01'!$D60 -> NT | E68: =#REF! -> #REF! | F68: =#REF! -> #REF! | G68: =#REF! -> #REF! | H68: =#REF! -> #REF! | I68: =#REF! -> #REF! | J68: =#REF! -> #REF! | K68: =#REF! -> #REF! | L68: =#REF! -> #REF! | ... W68: =#REF! -> #REF! | X68: =COUNTIF(D68:W68,"C") -> 0 | Y68: =COUNTIF(D68:W68,"NC") -> 0 | Z68: =COUNTIF(D68:W68,"NA") -> 0 | AA68: =COUNTIF(D68:W68,"NT") -> 1 | AB68: =IF(Y68>0,"NC",IF(X68>0,"C",IF(AA68>0,"NT","NA"))) -> NT | AC68: 10 | AD68: =Critères!$B68 -> 10.1 | AE68: =Critères!$A68 -> PRÉSENTATION | AF68: ='P01'!$E60 -> N | AG68: =#REF! -> #REF! | AH68: =#REF! -> #REF! | AI68: =#REF! -> #REF! | AJ68: =#REF! -> #REF! | AK68: =#REF! -> #REF! | AL68: =#REF! -> #REF! | AM68: =#REF! -> #REF! | AN68: =#REF! -> #REF! | ... AY68: =#REF! -> #REF! | AZ68: =COUNTIF(AF68:AY68,"D") -> 0
A69: 10 | B69: =Critères!$B69 -> 10.2 | C69: =Critères!$A68 -> PRÉSENTATION | D69: ='P01'!$D61 -> NT | E69: =#REF! -> #REF! | F69: =#REF! -> #REF! | G69: =#REF! -> #REF! | H69: =#REF! -> #REF! | I69: =#REF! -> #REF! | J69: =#REF! -> #REF! | K69: =#REF! -> #REF! | L69: =#REF! -> #REF! | ... W69: =#REF! -> #REF! | X69: =COUNTIF(D69:W69,"C") -> 0 | Y69: =COUNTIF(D69:W69,"NC") -> 0 | Z69: =COUNTIF(D69:W69,"NA") -> 0 | AA69: =COUNTIF(D69:W69,"NT") -> 1 | AB69: =IF(Y69>0,"NC",IF(X69>0,"C",IF(AA69>0,"NT","NA"))) -> NT | AC69: 10 | AD69: =Critères!$B69 -> 10.2 | AE69: =Critères!$A68 -> PRÉSENTATION | AF69: ='P01'!$E61 -> N | AG69: =#REF! -> #REF! | AH69: =#REF! -> #REF! | AI69: =#REF! -> #REF! | AJ69: =#REF! -> #REF! | AK69: =#REF! -> #REF! | AL69: =#REF! -> #REF! | AM69: =#REF! -> #REF! | AN69: =#REF! -> #REF! | ... AY69: =#REF! -> #REF! | AZ69: =COUNTIF(AF69:AY69,"D") -> 0
A70: 10 | B70: =Critères!$B70 -> 10.3 | C70: =Critères!$A68 -> PRÉSENTATION | D70: ='P01'!$D62 -> NT | E70: =#REF! -> #REF! | F70: =#REF! -> #REF! | G70: =#REF! -> #REF! | H70: =#REF! -> #REF! | I70: =#REF! -> #REF! | J70: =#REF! -> #REF! | K70: =#REF! -> #REF! | L70: =#REF! -> #REF! | ... W70: =#REF! -> #REF! | X70: =COUNTIF(D70:W70,"C") -> 0 | Y70: =COUNTIF(D70:W70,"NC") -> 0 | Z70: =COUNTIF(D70:W70,"NA") -> 0 | AA70: =COUNTIF(D70:W70,"NT") -> 1 | AB70: =IF(Y70>0,"NC",IF(X70>0,"C",IF(AA70>0,"NT","NA"))) -> NT | AC70: 10 | AD70: =Critères!$B70 -> 10.3 | AE70: =Critères!$A68 -> PRÉSENTATION | AF70: ='P01'!$E62 -> N | AG70: =#REF! -> #REF! | AH70: =#REF! -> #REF! | AI70: =#REF! -> #REF! | AJ70: =#REF! -> #REF! | AK70: =#REF! -> #REF! | AL70: =#REF! -> #REF! | AM70: =#REF! -> #REF! | AN70: =#REF! -> #REF! | ... AY70: =#REF! -> #REF! | AZ70: =COUNTIF(AF70:AY70,"D") -> 0
A71: 10 | B71: =Critères!$B71 -> 10.4 | C71: =Critères!$A68 -> PRÉSENTATION | D71: ='P01'!$D63 -> NT | E71: =#REF! -> #REF! | F71: =#REF! -> #REF! | G71: =#REF! -> #REF! | H71: =#REF! -> #REF! | I71: =#REF! -> #REF! | J71: =#REF! -> #REF! | K71: =#REF! -> #REF! | L71: =#REF! -> #REF! | ... W71: =#REF! -> #REF! | X71: =COUNTIF(D71:W71,"C") -> 0 | Y71: =COUNTIF(D71:W71,"NC") -> 0 | Z71: =COUNTIF(D71:W71,"NA") -> 0 | AA71: =COUNTIF(D71:W71,"NT") -> 1 | AB71: =IF(Y71>0,"NC",IF(X71>0,"C",IF(AA71>0,"NT","NA"))) -> NT | AC71: 10 | AD71: =Critères!$B71 -> 10.4 | AE71: =Critères!$A68 -> PRÉSENTATION | AF71: ='P01'!$E63 -> N | AG71: =#REF! -> #REF! | AH71: =#REF! -> #REF! | AI71: =#REF! -> #REF! | AJ71: =#REF! -> #REF! | AK71: =#REF! -> #REF! | AL71: =#REF! -> #REF! | AM71: =#REF! -> #REF! | AN71: =#REF! -> #REF! | ... AY71: =#REF! -> #REF! | AZ71: =COUNTIF(AF71:AY71,"D") -> 0
A72: 10 | B72: =Critères!$B72 -> 10.5 | C72: =Critères!$A68 -> PRÉSENTATION | D72: ='P01'!$D64 -> NT | E72: =#REF! -> #REF! | F72: =#REF! -> #REF! | G72: =#REF! -> #REF! | H72: =#REF! -> #REF! | I72: =#REF! -> #REF! | J72: =#REF! -> #REF! | K72: =#REF! -> #REF! | L72: =#REF! -> #REF! | ... W72: =#REF! -> #REF! | X72: =COUNTIF(D72:W72,"C") -> 0 | Y72: =COUNTIF(D72:W72,"NC") -> 0 | Z72: =COUNTIF(D72:W72,"NA") -> 0 | AA72: =COUNTIF(D72:W72,"NT") -> 1 | AB72: =IF(Y72>0,"NC",IF(X72>0,"C",IF(AA72>0,"NT","NA"))) -> NT | AC72: 10 | AD72: =Critères!$B72 -> 10.5 | AE72: =Critères!$A68 -> PRÉSENTATION | AF72: ='P01'!$E64 -> N | AG72: =#REF! -> #REF! | AH72: =#REF! -> #REF! | AI72: =#REF! -> #REF! | AJ72: =#REF! -> #REF! | AK72: =#REF! -> #REF! | AL72: =#REF! -> #REF! | AM72: =#REF! -> #REF! | AN72: =#REF! -> #REF! | ... AY72: =#REF! -> #REF! | AZ72: =COUNTIF(AF72:AY72,"D") -> 0
A73: 10 | B73: =Critères!$B73 -> 10.6 | C73: =Critères!$A68 -> PRÉSENTATION | D73: ='P01'!$D65 -> NT | E73: =#REF! -> #REF! | F73: =#REF! -> #REF! | G73: =#REF! -> #REF! | H73: =#REF! -> #REF! | I73: =#REF! -> #REF! | J73: =#REF! -> #REF! | K73: =#REF! -> #REF! | L73: =#REF! -> #REF! | ... W73: =#REF! -> #REF! | X73: =COUNTIF(D73:W73,"C") -> 0 | Y73: =COUNTIF(D73:W73,"NC") -> 0 | Z73: =COUNTIF(D73:W73,"NA") -> 0 | AA73: =COUNTIF(D73:W73,"NT") -> 1 | AB73: =IF(Y73>0,"NC",IF(X73>0,"C",IF(AA73>0,"NT","NA"))) -> NT | AC73: 10 | AD73: =Critères!$B73 -> 10.6 | AE73: =Critères!$A68 -> PRÉSENTATION | AF73: ='P01'!$E65 -> N | AG73: =#REF! -> #REF! | AH73: =#REF! -> #REF! | AI73: =#REF! -> #REF! | AJ73: =#REF! -> #REF! | AK73: =#REF! -> #REF! | AL73: =#REF! -> #REF! | AM73: =#REF! -> #REF! | AN73: =#REF! -> #REF! | ... AY73: =#REF! -> #REF! | AZ73: =COUNTIF(AF73:AY73,"D") -> 0
A74: 10 | B74: =Critères!$B74 -> 10.7 | C74: =Critères!$A68 -> PRÉSENTATION | D74: ='P01'!$D66 -> NT | E74: =#REF! -> #REF! | F74: =#REF! -> #REF! | G74: =#REF! -> #REF! | H74: =#REF! -> #REF! | I74: =#REF! -> #REF! | J74: =#REF! -> #REF! | K74: =#REF! -> #REF! | L74: =#REF! -> #REF! | ... W74: =#REF! -> #REF! | X74: =COUNTIF(D74:W74,"C") -> 0 | Y74: =COUNTIF(D74:W74,"NC") -> 0 | Z74: =COUNTIF(D74:W74,"NA") -> 0 | AA74: =COUNTIF(D74:W74,"NT") -> 1 | AB74: =IF(Y74>0,"NC",IF(X74>0,"C",IF(AA74>0,"NT","NA"))) -> NT | AC74: 10 | AD74: =Critères!$B74 -> 10.7 | AE74: =Critères!$A68 -> PRÉSENTATION | AF74: ='P01'!$E66 -> N | AG74: =#REF! -> #REF! | AH74: =#REF! -> #REF! | AI74: =#REF! -> #REF! | AJ74: =#REF! -> #REF! | AK74: =#REF! -> #REF! | AL74: =#REF! -> #REF! | AM74: =#REF! -> #REF! | AN74: =#REF! -> #REF! | ... AY74: =#REF! -> #REF! | AZ74: =COUNTIF(AF74:AY74,"D") -> 0
A75: 10 | B75: =Critères!$B75 -> 10.8 | C75: =Critères!$A68 -> PRÉSENTATION | D75: ='P01'!$D67 -> NT | E75: =#REF! -> #REF! | F75: =#REF! -> #REF! | G75: =#REF! -> #REF! | H75: =#REF! -> #REF! | I75: =#REF! -> #REF! | J75: =#REF! -> #REF! | K75: =#REF! -> #REF! | L75: =#REF! -> #REF! | ... W75: =#REF! -> #REF! | X75: =COUNTIF(D75:W75,"C") -> 0 | Y75: =COUNTIF(D75:W75,"NC") -> 0 | Z75: =COUNTIF(D75:W75,"NA") -> 0 | AA75: =COUNTIF(D75:W75,"NT") -> 1 | AB75: =IF(Y75>0,"NC",IF(X75>0,"C",IF(AA75>0,"NT","NA"))) -> NT | AC75: 10 | AD75: =Critères!$B75 -> 10.8 | AE75: =Critères!$A68 -> PRÉSENTATION | AF75: ='P01'!$E67 -> N | AG75: =#REF! -> #REF! | AH75: =#REF! -> #REF! | AI75: =#REF! -> #REF! | AJ75: =#REF! -> #REF! | AK75: =#REF! -> #REF! | AL75: =#REF! -> #REF! | AM75: =#REF! -> #REF! | AN75: =#REF! -> #REF! | ... AY75: =#REF! -> #REF! | AZ75: =COUNTIF(AF75:AY75,"D") -> 0
A76: 10 | B76: =Critères!$B76 -> 10.9 | C76: =Critères!$A68 -> PRÉSENTATION | D76: ='P01'!$D68 -> NT | E76: =#REF! -> #REF! | F76: =#REF! -> #REF! | G76: =#REF! -> #REF! | H76: =#REF! -> #REF! | I76: =#REF! -> #REF! | J76: =#REF! -> #REF! | K76: =#REF! -> #REF! | L76: =#REF! -> #REF! | ... W76: =#REF! -> #REF! | X76: =COUNTIF(D76:W76,"C") -> 0 | Y76: =COUNTIF(D76:W76,"NC") -> 0 | Z76: =COUNTIF(D76:W76,"NA") -> 0 | AA76: =COUNTIF(D76:W76,"NT") -> 1 | AB76: =IF(Y76>0,"NC",IF(X76>0,"C",IF(AA76>0,"NT","NA"))) -> NT | AC76: 10 | AD76: =Critères!$B76 -> 10.9 | AE76: =Critères!$A68 -> PRÉSENTATION | AF76: ='P01'!$E68 -> N | AG76: =#REF! -> #REF! | AH76: =#REF! -> #REF! | AI76: =#REF! -> #REF! | AJ76: =#REF! -> #REF! | AK76: =#REF! -> #REF! | AL76: =#REF! -> #REF! | AM76: =#REF! -> #REF! | AN76: =#REF! -> #REF! | ... AY76: =#REF! -> #REF! | AZ76: =COUNTIF(AF76:AY76,"D") -> 0
A77: 10 | B77: =Critères!$B77 -> 10.10 | C77: =Critères!$A68 -> PRÉSENTATION | D77: ='P01'!$D69 -> NT | E77: =#REF! -> #REF! | F77: =#REF! -> #REF! | G77: =#REF! -> #REF! | H77: =#REF! -> #REF! | I77: =#REF! -> #REF! | J77: =#REF! -> #REF! | K77: =#REF! -> #REF! | L77: =#REF! -> #REF! | ... W77: =#REF! -> #REF! | X77: =COUNTIF(D77:W77,"C") -> 0 | Y77: =COUNTIF(D77:W77,"NC") -> 0 | Z77: =COUNTIF(D77:W77,"NA") -> 0 | AA77: =COUNTIF(D77:W77,"NT") -> 1 | AB77: =IF(Y77>0,"NC",IF(X77>0,"C",IF(AA77>0,"NT","NA"))) -> NT | AC77: 10 | AD77: =Critères!$B77 -> 10.10 | AE77: =Critères!$A68 -> PRÉSENTATION | AF77: ='P01'!$E69 -> N | AG77: =#REF! -> #REF! | AH77: =#REF! -> #REF! | AI77: =#REF! -> #REF! | AJ77: =#REF! -> #REF! | AK77: =#REF! -> #REF! | AL77: =#REF! -> #REF! | AM77: =#REF! -> #REF! | AN77: =#REF! -> #REF! | ... AY77: =#REF! -> #REF! | AZ77: =COUNTIF(AF77:AY77,"D") -> 0
A78: 10 | B78: =Critères!$B78 -> 10.11 | C78: =Critères!$A68 -> PRÉSENTATION | D78: ='P01'!$D70 -> NT | E78: =#REF! -> #REF! | F78: =#REF! -> #REF! | G78: =#REF! -> #REF! | H78: =#REF! -> #REF! | I78: =#REF! -> #REF! | J78: =#REF! -> #REF! | K78: =#REF! -> #REF! | L78: =#REF! -> #REF! | ... W78: =#REF! -> #REF! | X78: =COUNTIF(D78:W78,"C") -> 0 | Y78: =COUNTIF(D78:W78,"NC") -> 0 | Z78: =COUNTIF(D78:W78,"NA") -> 0 | AA78: =COUNTIF(D78:W78,"NT") -> 1 | AB78: =IF(Y78>0,"NC",IF(X78>0,"C",IF(AA78>0,"NT","NA"))) -> NT | AC78: 10 | AD78: =Critères!$B78 -> 10.11 | AE78: =Critères!$A68 -> PRÉSENTATION | AF78: ='P01'!$E70 -> N | AG78: =#REF! -> #REF! | AH78: =#REF! -> #REF! | AI78: =#REF! -> #REF! | AJ78: =#REF! -> #REF! | AK78: =#REF! -> #REF! | AL78: =#REF! -> #REF! | AM78: =#REF! -> #REF! | AN78: =#REF! -> #REF! | ... AY78: =#REF! -> #REF! | AZ78: =COUNTIF(AF78:AY78,"D") -> 0
A79: 10 | B79: =Critères!$B79 -> 10.12 | C79: =Critères!$A68 -> PRÉSENTATION | D79: ='P01'!$D71 -> NT | E79: =#REF! -> #REF! | F79: =#REF! -> #REF! | G79: =#REF! -> #REF! | H79: =#REF! -> #REF! | I79: =#REF! -> #REF! | J79: =#REF! -> #REF! | K79: =#REF! -> #REF! | L79: =#REF! -> #REF! | ... W79: =#REF! -> #REF! | X79: =COUNTIF(D79:W79,"C") -> 0 | Y79: =COUNTIF(D79:W79,"NC") -> 0 | Z79: =COUNTIF(D79:W79,"NA") -> 0 | AA79: =COUNTIF(D79:W79,"NT") -> 1 | AB79: =IF(Y79>0,"NC",IF(X79>0,"C",IF(AA79>0,"NT","NA"))) -> NT | AC79: 10 | AD79: =Critères!$B79 -> 10.12 | AE79: =Critères!$A68 -> PRÉSENTATION | AF79: ='P01'!$E71 -> N | AG79: =#REF! -> #REF! | AH79: =#REF! -> #REF! | AI79: =#REF! -> #REF! | AJ79: =#REF! -> #REF! | AK79: =#REF! -> #REF! | AL79: =#REF! -> #REF! | AM79: =#REF! -> #REF! | AN79: =#REF! -> #REF! | ... AY79: =#REF! -> #REF! | AZ79: =COUNTIF(AF79:AY79,"D") -> 0
A80: 10 | B80: =Critères!$B80 -> 10.13 | C80: =Critères!$A68 -> PRÉSENTATION | D80: ='P01'!$D72 -> NT | E80: =#REF! -> #REF! | F80: =#REF! -> #REF! | G80: =#REF! -> #REF! | H80: =#REF! -> #REF! | I80: =#REF! -> #REF! | J80: =#REF! -> #REF! | K80: =#REF! -> #REF! | L80: =#REF! -> #REF! | ... W80: =#REF! -> #REF! | X80: =COUNTIF(D80:W80,"C") -> 0 | Y80: =COUNTIF(D80:W80,"NC") -> 0 | Z80: =COUNTIF(D80:W80,"NA") -> 0 | AA80: =COUNTIF(D80:W80,"NT") -> 1 | AB80: =IF(Y80>0,"NC",IF(X80>0,"C",IF(AA80>0,"NT","NA"))) -> NT | AC80: 10 | AD80: =Critères!$B80 -> 10.13 | AE80: =Critères!$A68 -> PRÉSENTATION | AF80: ='P01'!$E72 -> N | AG80: =#REF! -> #REF! | AH80: =#REF! -> #REF! | AI80: =#REF! -> #REF! | AJ80: =#REF! -> #REF! | AK80: =#REF! -> #REF! | AL80: =#REF! -> #REF! | AM80: =#REF! -> #REF! | AN80: =#REF! -> #REF! | ... AY80: =#REF! -> #REF! | AZ80: =COUNTIF(AF80:AY80,"D") -> 0
A81: 10 | B81: =Critères!$B81 -> 10.14 | C81: =Critères!$A68 -> PRÉSENTATION | D81: ='P01'!$D73 -> NT | E81: =#REF! -> #REF! | F81: =#REF! -> #REF! | G81: =#REF! -> #REF! | H81: =#REF! -> #REF! | I81: =#REF! -> #REF! | J81: =#REF! -> #REF! | K81: =#REF! -> #REF! | L81: =#REF! -> #REF! | ... W81: =#REF! -> #REF! | X81: =COUNTIF(D81:W81,"C") -> 0 | Y81: =COUNTIF(D81:W81,"NC") -> 0 | Z81: =COUNTIF(D81:W81,"NA") -> 0 | AA81: =COUNTIF(D81:W81,"NT") -> 1 | AB81: =IF(Y81>0,"NC",IF(X81>0,"C",IF(AA81>0,"NT","NA"))) -> NT | AC81: 10 | AD81: =Critères!$B81 -> 10.14 | AE81: =Critères!$A68 -> PRÉSENTATION | AF81: ='P01'!$E73 -> N | AG81: =#REF! -> #REF! | AH81: =#REF! -> #REF! | AI81: =#REF! -> #REF! | AJ81: =#REF! -> #REF! | AK81: =#REF! -> #REF! | AL81: =#REF! -> #REF! | AM81: =#REF! -> #REF! | AN81: =#REF! -> #REF! | ... AY81: =#REF! -> #REF! | AZ81: =COUNTIF(AF81:AY81,"D") -> 0
X82: =SUM(X68:X81) -> 0 | Y82: =SUM(Y68:Y81) -> 0 | Z82: =SUM(Z68:Z81) -> 0 | AA82: =SUM(AA68:AA81) -> 14 | AZ82: =SUM(AZ68:AZ81) -> 0
A83: 11 | B83: =Critères!$B83 -> 11.1 | C83: =Critères!$A83 -> FORMULAIRES | D83: ='P01'!$D74 -> NT | E83: =#REF! -> #REF! | F83: =#REF! -> #REF! | G83: =#REF! -> #REF! | H83: =#REF! -> #REF! | I83: =#REF! -> #REF! | J83: =#REF! -> #REF! | K83: =#REF! -> #REF! | L83: =#REF! -> #REF! | ... W83: =#REF! -> #REF! | X83: =COUNTIF(D83:W83,"C") -> 0 | Y83: =COUNTIF(D83:W83,"NC") -> 0 | Z83: =COUNTIF(D83:W83,"NA") -> 0 | AA83: =COUNTIF(D83:W83,"NT") -> 1 | AB83: =IF(Y83>0,"NC",IF(X83>0,"C",IF(AA83>0,"NT","NA"))) -> NT | AC83: 11 | AD83: =Critères!$B83 -> 11.1 | AE83: =Critères!$A83 -> FORMULAIRES | AF83: ='P01'!$E74 -> N | AG83: =#REF! -> #REF! | AH83: =#REF! -> #REF! | AI83: =#REF! -> #REF! | AJ83: =#REF! -> #REF! | AK83: =#REF! -> #REF! | AL83: =#REF! -> #REF! | AM83: =#REF! -> #REF! | AN83: =#REF! -> #REF! | ... AY83: =#REF! -> #REF! | AZ83: =COUNTIF(AF83:AY83,"D") -> 0
A84: 11 | B84: =Critères!$B84 -> 11.2 | C84: =Critères!$A83 -> FORMULAIRES | D84: ='P01'!$D75 -> NT | E84: =#REF! -> #REF! | F84: =#REF! -> #REF! | G84: =#REF! -> #REF! | H84: =#REF! -> #REF! | I84: =#REF! -> #REF! | J84: =#REF! -> #REF! | K84: =#REF! -> #REF! | L84: =#REF! -> #REF! | ... W84: =#REF! -> #REF! | X84: =COUNTIF(D84:W84,"C") -> 0 | Y84: =COUNTIF(D84:W84,"NC") -> 0 | Z84: =COUNTIF(D84:W84,"NA") -> 0 | AA84: =COUNTIF(D84:W84,"NT") -> 1 | AB84: =IF(Y84>0,"NC",IF(X84>0,"C",IF(AA84>0,"NT","NA"))) -> NT | AC84: 11 | AD84: =Critères!$B84 -> 11.2 | AE84: =Critères!$A83 -> FORMULAIRES | AF84: ='P01'!$E75 -> N | AG84: =#REF! -> #REF! | AH84: =#REF! -> #REF! | AI84: =#REF! -> #REF! | AJ84: =#REF! -> #REF! | AK84: =#REF! -> #REF! | AL84: =#REF! -> #REF! | AM84: =#REF! -> #REF! | AN84: =#REF! -> #REF! | ... AY84: =#REF! -> #REF! | AZ84: =COUNTIF(AF84:AY84,"D") -> 0
A85: 11 | B85: =Critères!$B85 -> 11.3 | C85: =Critères!$A83 -> FORMULAIRES | D85: ='P01'!$D76 -> NT | E85: =#REF! -> #REF! | F85: =#REF! -> #REF! | G85: =#REF! -> #REF! | H85: =#REF! -> #REF! | I85: =#REF! -> #REF! | J85: =#REF! -> #REF! | K85: =#REF! -> #REF! | L85: =#REF! -> #REF! | ... W85: =#REF! -> #REF! | X85: =COUNTIF(D85:W85,"C") -> 0 | Y85: =COUNTIF(D85:W85,"NC") -> 0 | Z85: =COUNTIF(D85:W85,"NA") -> 0 | AA85: =COUNTIF(D85:W85,"NT") -> 1 | AB85: =IF(Y85>0,"NC",IF(X85>0,"C",IF(AA85>0,"NT","NA"))) -> NT | AC85: 11 | AD85: =Critères!$B85 -> 11.3 | AE85: =Critères!$A83 -> FORMULAIRES | AF85: ='P01'!$E76 -> N | AG85: =#REF! -> #REF! | AH85: =#REF! -> #REF! | AI85: =#REF! -> #REF! | AJ85: =#REF! -> #REF! | AK85: =#REF! -> #REF! | AL85: =#REF! -> #REF! | AM85: =#REF! -> #REF! | AN85: =#REF! -> #REF! | ... AY85: =#REF! -> #REF! | AZ85: =COUNTIF(AF85:AY85,"D") -> 0
A86: 11 | B86: =Critères!$B86 -> 11.4 | C86: =Critères!$A83 -> FORMULAIRES | D86: ='P01'!$D77 -> NT | E86: =#REF! -> #REF! | F86: =#REF! -> #REF! | G86: =#REF! -> #REF! | H86: =#REF! -> #REF! | I86: =#REF! -> #REF! | J86: =#REF! -> #REF! | K86: =#REF! -> #REF! | L86: =#REF! -> #REF! | ... W86: =#REF! -> #REF! | X86: =COUNTIF(D86:W86,"C") -> 0 | Y86: =COUNTIF(D86:W86,"NC") -> 0 | Z86: =COUNTIF(D86:W86,"NA") -> 0 | AA86: =COUNTIF(D86:W86,"NT") -> 1 | AB86: =IF(Y86>0,"NC",IF(X86>0,"C",IF(AA86>0,"NT","NA"))) -> NT | AC86: 11 | AD86: =Critères!$B86 -> 11.4 | AE86: =Critères!$A83 -> FORMULAIRES | AF86: ='P01'!$E77 -> N | AG86: =#REF! -> #REF! | AH86: =#REF! -> #REF! | AI86: =#REF! -> #REF! | AJ86: =#REF! -> #REF! | AK86: =#REF! -> #REF! | AL86: =#REF! -> #REF! | AM86: =#REF! -> #REF! | AN86: =#REF! -> #REF! | ... AY86: =#REF! -> #REF! | AZ86: =COUNTIF(AF86:AY86,"D") -> 0
A87: 11 | B87: =Critères!$B87 -> 11.5 | C87: =Critères!$A83 -> FORMULAIRES | D87: ='P01'!$D78 -> NT | E87: =#REF! -> #REF! | F87: =#REF! -> #REF! | G87: =#REF! -> #REF! | H87: =#REF! -> #REF! | I87: =#REF! -> #REF! | J87: =#REF! -> #REF! | K87: =#REF! -> #REF! | L87: =#REF! -> #REF! | ... W87: =#REF! -> #REF! | X87: =COUNTIF(D87:W87,"C") -> 0 | Y87: =COUNTIF(D87:W87,"NC") -> 0 | Z87: =COUNTIF(D87:W87,"NA") -> 0 | AA87: =COUNTIF(D87:W87,"NT") -> 1 | AB87: =IF(Y87>0,"NC",IF(X87>0,"C",IF(AA87>0,"NT","NA"))) -> NT | AC87: 11 | AD87: =Critères!$B87 -> 11.5 | AE87: =Critères!$A83 -> FORMULAIRES | AF87: ='P01'!$E78 -> N | AG87: =#REF! -> #REF! | AH87: =#REF! -> #REF! | AI87: =#REF! -> #REF! | AJ87: =#REF! -> #REF! | AK87: =#REF! -> #REF! | AL87: =#REF! -> #REF! | AM87: =#REF! -> #REF! | AN87: =#REF! -> #REF! | ... AY87: =#REF! -> #REF! | AZ87: =COUNTIF(AF87:AY87,"D") -> 0
A88: 11 | B88: =Critères!$B88 -> 11.6 | C88: =Critères!$A83 -> FORMULAIRES | D88: ='P01'!$D79 -> NT | E88: =#REF! -> #REF! | F88: =#REF! -> #REF! | G88: =#REF! -> #REF! | H88: =#REF! -> #REF! | I88: =#REF! -> #REF! | J88: =#REF! -> #REF! | K88: =#REF! -> #REF! | L88: =#REF! -> #REF! | ... W88: =#REF! -> #REF! | X88: =COUNTIF(D88:W88,"C") -> 0 | Y88: =COUNTIF(D88:W88,"NC") -> 0 | Z88: =COUNTIF(D88:W88,"NA") -> 0 | AA88: =COUNTIF(D88:W88,"NT") -> 1 | AB88: =IF(Y88>0,"NC",IF(X88>0,"C",IF(AA88>0,"NT","NA"))) -> NT | AC88: 11 | AD88: =Critères!$B88 -> 11.6 | AE88: =Critères!$A83 -> FORMULAIRES | AF88: ='P01'!$E79 -> N | AG88: =#REF! -> #REF! | AH88: =#REF! -> #REF! | AI88: =#REF! -> #REF! | AJ88: =#REF! -> #REF! | AK88: =#REF! -> #REF! | AL88: =#REF! -> #REF! | AM88: =#REF! -> #REF! | AN88: =#REF! -> #REF! | ... AY88: =#REF! -> #REF! | AZ88: =COUNTIF(AF88:AY88,"D") -> 0
A89: 11 | B89: =Critères!$B89 -> 11.7 | C89: =Critères!$A83 -> FORMULAIRES | D89: ='P01'!$D80 -> NT | E89: =#REF! -> #REF! | F89: =#REF! -> #REF! | G89: =#REF! -> #REF! | H89: =#REF! -> #REF! | I89: =#REF! -> #REF! | J89: =#REF! -> #REF! | K89: =#REF! -> #REF! | L89: =#REF! -> #REF! | ... W89: =#REF! -> #REF! | X89: =COUNTIF(D89:W89,"C") -> 0 | Y89: =COUNTIF(D89:W89,"NC") -> 0 | Z89: =COUNTIF(D89:W89,"NA") -> 0 | AA89: =COUNTIF(D89:W89,"NT") -> 1 | AB89: =IF(Y89>0,"NC",IF(X89>0,"C",IF(AA89>0,"NT","NA"))) -> NT | AC89: 11 | AD89: =Critères!$B89 -> 11.7 | AE89: =Critères!$A83 -> FORMULAIRES | AF89: ='P01'!$E80 -> N | AG89: =#REF! -> #REF! | AH89: =#REF! -> #REF! | AI89: =#REF! -> #REF! | AJ89: =#REF! -> #REF! | AK89: =#REF! -> #REF! | AL89: =#REF! -> #REF! | AM89: =#REF! -> #REF! | AN89: =#REF! -> #REF! | ... AY89: =#REF! -> #REF! | AZ89: =COUNTIF(AF89:AY89,"D") -> 0
A90: 11 | B90: =Critères!$B90 -> 11.8 | C90: =Critères!$A83 -> FORMULAIRES | D90: ='P01'!$D81 -> NT | E90: =#REF! -> #REF! | F90: =#REF! -> #REF! | G90: =#REF! -> #REF! | H90: =#REF! -> #REF! | I90: =#REF! -> #REF! | J90: =#REF! -> #REF! | K90: =#REF! -> #REF! | L90: =#REF! -> #REF! | ... W90: =#REF! -> #REF! | X90: =COUNTIF(D90:W90,"C") -> 0 | Y90: =COUNTIF(D90:W90,"NC") -> 0 | Z90: =COUNTIF(D90:W90,"NA") -> 0 | AA90: =COUNTIF(D90:W90,"NT") -> 1 | AB90: =IF(Y90>0,"NC",IF(X90>0,"C",IF(AA90>0,"NT","NA"))) -> NT | AC90: 11 | AD90: =Critères!$B90 -> 11.8 | AE90: =Critères!$A83 -> FORMULAIRES | AF90: ='P01'!$E81 -> N | AG90: =#REF! -> #REF! | AH90: =#REF! -> #REF! | AI90: =#REF! -> #REF! | AJ90: =#REF! -> #REF! | AK90: =#REF! -> #REF! | AL90: =#REF! -> #REF! | AM90: =#REF! -> #REF! | AN90: =#REF! -> #REF! | ... AY90: =#REF! -> #REF! | AZ90: =COUNTIF(AF90:AY90,"D") -> 0
A91: 11 | B91: =Critères!$B91 -> 11.9 | C91: =Critères!$A83 -> FORMULAIRES | D91: ='P01'!$D82 -> NT | E91: =#REF! -> #REF! | F91: =#REF! -> #REF! | G91: =#REF! -> #REF! | H91: =#REF! -> #REF! | I91: =#REF! -> #REF! | J91: =#REF! -> #REF! | K91: =#REF! -> #REF! | L91: =#REF! -> #REF! | ... W91: =#REF! -> #REF! | X91: =COUNTIF(D91:W91,"C") -> 0 | Y91: =COUNTIF(D91:W91,"NC") -> 0 | Z91: =COUNTIF(D91:W91,"NA") -> 0 | AA91: =COUNTIF(D91:W91,"NT") -> 1 | AB91: =IF(Y91>0,"NC",IF(X91>0,"C",IF(AA91>0,"NT","NA"))) -> NT | AC91: 11 | AD91: =Critères!$B91 -> 11.9 | AE91: =Critères!$A83 -> FORMULAIRES | AF91: ='P01'!$E82 -> N | AG91: =#REF! -> #REF! | AH91: =#REF! -> #REF! | AI91: =#REF! -> #REF! | AJ91: =#REF! -> #REF! | AK91: =#REF! -> #REF! | AL91: =#REF! -> #REF! | AM91: =#REF! -> #REF! | AN91: =#REF! -> #REF! | ... AY91: =#REF! -> #REF! | AZ91: =COUNTIF(AF91:AY91,"D") -> 0
A92: 11 | B92: =Critères!$B92 -> 11.10 | C92: =Critères!$A83 -> FORMULAIRES | D92: ='P01'!$D83 -> NT | E92: =#REF! -> #REF! | F92: =#REF! -> #REF! | G92: =#REF! -> #REF! | H92: =#REF! -> #REF! | I92: =#REF! -> #REF! | J92: =#REF! -> #REF! | K92: =#REF! -> #REF! | L92: =#REF! -> #REF! | ... W92: =#REF! -> #REF! | X92: =COUNTIF(D92:W92,"C") -> 0 | Y92: =COUNTIF(D92:W92,"NC") -> 0 | Z92: =COUNTIF(D92:W92,"NA") -> 0 | AA92: =COUNTIF(D92:W92,"NT") -> 1 | AB92: =IF(Y92>0,"NC",IF(X92>0,"C",IF(AA92>0,"NT","NA"))) -> NT | AC92: 11 | AD92: =Critères!$B92 -> 11.10 | AE92: =Critères!$A83 -> FORMULAIRES | AF92: ='P01'!$E83 -> N | AG92: =#REF! -> #REF! | AH92: =#REF! -> #REF! | AI92: =#REF! -> #REF! | AJ92: =#REF! -> #REF! | AK92: =#REF! -> #REF! | AL92: =#REF! -> #REF! | AM92: =#REF! -> #REF! | AN92: =#REF! -> #REF! | ... AY92: =#REF! -> #REF! | AZ92: =COUNTIF(AF92:AY92,"D") -> 0
A93: 11 | B93: =Critères!$B93 -> 11.11 | C93: =Critères!$A83 -> FORMULAIRES | D93: ='P01'!$D84 -> NT | E93: =#REF! -> #REF! | F93: =#REF! -> #REF! | G93: =#REF! -> #REF! | H93: =#REF! -> #REF! | I93: =#REF! -> #REF! | J93: =#REF! -> #REF! | K93: =#REF! -> #REF! | L93: =#REF! -> #REF! | ... W93: =#REF! -> #REF! | X93: =COUNTIF(D93:W93,"C") -> 0 | Y93: =COUNTIF(D93:W93,"NC") -> 0 | Z93: =COUNTIF(D93:W93,"NA") -> 0 | AA93: =COUNTIF(D93:W93,"NT") -> 1 | AB93: =IF(Y93>0,"NC",IF(X93>0,"C",IF(AA93>0,"NT","NA"))) -> NT | AC93: 11 | AD93: =Critères!$B93 -> 11.11 | AE93: =Critères!$A83 -> FORMULAIRES | AF93: ='P01'!$E84 -> N | AG93: =#REF! -> #REF! | AH93: =#REF! -> #REF! | AI93: =#REF! -> #REF! | AJ93: =#REF! -> #REF! | AK93: =#REF! -> #REF! | AL93: =#REF! -> #REF! | AM93: =#REF! -> #REF! | AN93: =#REF! -> #REF! | ... AY93: =#REF! -> #REF! | AZ93: =COUNTIF(AF93:AY93,"D") -> 0
A94: 11 | B94: =Critères!$B94 -> 11.12 | C94: =Critères!$A83 -> FORMULAIRES | D94: ='P01'!$D85 -> NT | E94: =#REF! -> #REF! | F94: =#REF! -> #REF! | G94: =#REF! -> #REF! | H94: =#REF! -> #REF! | I94: =#REF! -> #REF! | J94: =#REF! -> #REF! | K94: =#REF! -> #REF! | L94: =#REF! -> #REF! | ... W94: =#REF! -> #REF! | X94: =COUNTIF(D94:W94,"C") -> 0 | Y94: =COUNTIF(D94:W94,"NC") -> 0 | Z94: =COUNTIF(D94:W94,"NA") -> 0 | AA94: =COUNTIF(D94:W94,"NT") -> 1 | AB94: =IF(Y94>0,"NC",IF(X94>0,"C",IF(AA94>0,"NT","NA"))) -> NT | AC94: 11 | AD94: =Critères!$B94 -> 11.12 | AE94: =Critères!$A83 -> FORMULAIRES | AF94: ='P01'!$E85 -> N | AG94: =#REF! -> #REF! | AH94: =#REF! -> #REF! | AI94: =#REF! -> #REF! | AJ94: =#REF! -> #REF! | AK94: =#REF! -> #REF! | AL94: =#REF! -> #REF! | AM94: =#REF! -> #REF! | AN94: =#REF! -> #REF! | ... AY94: =#REF! -> #REF! | AZ94: =COUNTIF(AF94:AY94,"D") -> 0
A95: 11 | B95: =Critères!$B95 -> 11.13 | C95: =Critères!$A83 -> FORMULAIRES | D95: ='P01'!$D86 -> NT | E95: =#REF! -> #REF! | F95: =#REF! -> #REF! | G95: =#REF! -> #REF! | H95: =#REF! -> #REF! | I95: =#REF! -> #REF! | J95: =#REF! -> #REF! | K95: =#REF! -> #REF! | L95: =#REF! -> #REF! | ... W95: =#REF! -> #REF! | X95: =COUNTIF(D95:W95,"C") -> 0 | Y95: =COUNTIF(D95:W95,"NC") -> 0 | Z95: =COUNTIF(D95:W95,"NA") -> 0 | AA95: =COUNTIF(D95:W95,"NT") -> 1 | AB95: =IF(Y95>0,"NC",IF(X95>0,"C",IF(AA95>0,"NT","NA"))) -> NT | AC95: 11 | AD95: =Critères!$B95 -> 11.13 | AE95: =Critères!$A83 -> FORMULAIRES | AF95: ='P01'!$E86 -> N | AG95: =#REF! -> #REF! | AH95: =#REF! -> #REF! | AI95: =#REF! -> #REF! | AJ95: =#REF! -> #REF! | AK95: =#REF! -> #REF! | AL95: =#REF! -> #REF! | AM95: =#REF! -> #REF! | AN95: =#REF! -> #REF! | ... AY95: =#REF! -> #REF! | AZ95: =COUNTIF(AF95:AY95,"D") -> 0
X96: =SUM(X83:X95) -> 0 | Y96: =SUM(Y83:Y95) -> 0 | Z96: =SUM(Z83:Z95) -> 0 | AA96: =SUM(AA83:AA95) -> 13 | AZ96: =SUM(AZ83:AZ95) -> 0
A97: 12 | B97: =Critères!$B97 -> 12.1 | C97: =Critères!$A97 -> NAVIGATION | D97: ='P01'!$D87 -> NT | E97: =#REF! -> #REF! | F97: =#REF! -> #REF! | G97: =#REF! -> #REF! | H97: =#REF! -> #REF! | I97: =#REF! -> #REF! | J97: =#REF! -> #REF! | K97: =#REF! -> #REF! | L97: =#REF! -> #REF! | ... W97: =#REF! -> #REF! | X97: =COUNTIF(D97:W97,"C") -> 0 | Y97: =COUNTIF(D97:W97,"NC") -> 0 | Z97: =COUNTIF(D97:W97,"NA") -> 0 | AA97: =COUNTIF(D97:W97,"NT") -> 1 | AB97: =IF(Y97>0,"NC",IF(X97>0,"C",IF(AA97>0,"NT","NA"))) -> NT | AC97: 12 | AD97: =Critères!$B97 -> 12.1 | AE97: =Critères!$A97 -> NAVIGATION | AF97: ='P01'!$E87 -> N | AG97: =#REF! -> #REF! | AH97: =#REF! -> #REF! | AI97: =#REF! -> #REF! | AJ97: =#REF! -> #REF! | AK97: =#REF! -> #REF! | AL97: =#REF! -> #REF! | AM97: =#REF! -> #REF! | AN97: =#REF! -> #REF! | ... AY97: =#REF! -> #REF! | AZ97: =COUNTIF(AF97:AY97,"D") -> 0
A98: 12 | B98: =Critères!$B98 -> 12.2 | C98: =Critères!$A97 -> NAVIGATION | D98: ='P01'!$D88 -> NT | E98: =#REF! -> #REF! | F98: =#REF! -> #REF! | G98: =#REF! -> #REF! | H98: =#REF! -> #REF! | I98: =#REF! -> #REF! | J98: =#REF! -> #REF! | K98: =#REF! -> #REF! | L98: =#REF! -> #REF! | ... W98: =#REF! -> #REF! | X98: =COUNTIF(D98:W98,"C") -> 0 | Y98: =COUNTIF(D98:W98,"NC") -> 0 | Z98: =COUNTIF(D98:W98,"NA") -> 0 | AA98: =COUNTIF(D98:W98,"NT") -> 1 | AB98: =IF(Y98>0,"NC",IF(X98>0,"C",IF(AA98>0,"NT","NA"))) -> NT | AC98: 12 | AD98: =Critères!$B98 -> 12.2 | AE98: =Critères!$A97 -> NAVIGATION | AF98: ='P01'!$E88 -> N | AG98: =#REF! -> #REF! | AH98: =#REF! -> #REF! | AI98: =#REF! -> #REF! | AJ98: =#REF! -> #REF! | AK98: =#REF! -> #REF! | AL98: =#REF! -> #REF! | AM98: =#REF! -> #REF! | AN98: =#REF! -> #REF! | ... AY98: =#REF! -> #REF! | AZ98: =COUNTIF(AF98:AY98,"D") -> 0
A99: 12 | B99: =Critères!$B99 -> 12.3 | C99: =Critères!$A97 -> NAVIGATION | D99: ='P01'!$D89 -> NT | E99: =#REF! -> #REF! | F99: =#REF! -> #REF! | G99: =#REF! -> #REF! | H99: =#REF! -> #REF! | I99: =#REF! -> #REF! | J99: =#REF! -> #REF! | K99: =#REF! -> #REF! | L99: =#REF! -> #REF! | ... W99: =#REF! -> #REF! | X99: =COUNTIF(D99:W99,"C") -> 0 | Y99: =COUNTIF(D99:W99,"NC") -> 0 | Z99: =COUNTIF(D99:W99,"NA") -> 0 | AA99: =COUNTIF(D99:W99,"NT") -> 1 | AB99: =IF(Y99>0,"NC",IF(X99>0,"C",IF(AA99>0,"NT","NA"))) -> NT | AC99: 12 | AD99: =Critères!$B99 -> 12.3 | AE99: =Critères!$A97 -> NAVIGATION | AF99: ='P01'!$E89 -> N | AG99: =#REF! -> #REF! | AH99: =#REF! -> #REF! | AI99: =#REF! -> #REF! | AJ99: =#REF! -> #REF! | AK99: =#REF! -> #REF! | AL99: =#REF! -> #REF! | AM99: =#REF! -> #REF! | AN99: =#REF! -> #REF! | ... AY99: =#REF! -> #REF! | AZ99: =COUNTIF(AF99:AY99,"D") -> 0
A100: 12 | B100: =Critères!$B100 -> 12.4 | C100: =Critères!$A97 -> NAVIGATION | D100: ='P01'!$D90 -> NT | E100: =#REF! -> #REF! | F100: =#REF! -> #REF! | G100: =#REF! -> #REF! | H100: =#REF! -> #REF! | I100: =#REF! -> #REF! | J100: =#REF! -> #REF! | K100: =#REF! -> #REF! | L100: =#REF! -> #REF! | ... W100: =#REF! -> #REF! | X100: =COUNTIF(D100:W100,"C") -> 0 | Y100: =COUNTIF(D100:W100,"NC") -> 0 | Z100: =COUNTIF(D100:W100,"NA") -> 0 | AA100: =COUNTIF(D100:W100,"NT") -> 1 | AB100: =IF(Y100>0,"NC",IF(X100>0,"C",IF(AA100>0,"NT","NA"))) -> NT | AC100: 12 | AD100: =Critères!$B100 -> 12.4 | AE100: =Critères!$A97 -> NAVIGATION | AF100: ='P01'!$E90 -> N | AG100: =#REF! -> #REF! | AH100: =#REF! -> #REF! | AI100: =#REF! -> #REF! | AJ100: =#REF! -> #REF! | AK100: =#REF! -> #REF! | AL100: =#REF! -> #REF! | AM100: =#REF! -> #REF! | AN100: =#REF! -> #REF! | ... AY100: =#REF! -> #REF! | AZ100: =COUNTIF(AF100:AY100,"D") -> 0
A101: 12 | B101: =Critères!$B101 -> 12.5 | C101: =Critères!$A97 -> NAVIGATION | D101: ='P01'!$D91 -> NT | E101: =#REF! -> #REF! | F101: =#REF! -> #REF! | G101: =#REF! -> #REF! | H101: =#REF! -> #REF! | I101: =#REF! -> #REF! | J101: =#REF! -> #REF! | K101: =#REF! -> #REF! | L101: =#REF! -> #REF! | ... W101: =#REF! -> #REF! | X101: =COUNTIF(D101:W101,"C") -> 0 | Y101: =COUNTIF(D101:W101,"NC") -> 0 | Z101: =COUNTIF(D101:W101,"NA") -> 0 | AA101: =COUNTIF(D101:W101,"NT") -> 1 | AB101: =IF(Y101>0,"NC",IF(X101>0,"C",IF(AA101>0,"NT","NA"))) -> NT | AC101: 12 | AD101: =Critères!$B101 -> 12.5 | AE101: =Critères!$A97 -> NAVIGATION | AF101: ='P01'!$E91 -> N | AG101: =#REF! -> #REF! | AH101: =#REF! -> #REF! | AI101: =#REF! -> #REF! | AJ101: =#REF! -> #REF! | AK101: =#REF! -> #REF! | AL101: =#REF! -> #REF! | AM101: =#REF! -> #REF! | AN101: =#REF! -> #REF! | ... AY101: =#REF! -> #REF! | AZ101: =COUNTIF(AF101:AY101,"D") -> 0
...

Sheet P01
A1: =#REF! -> #REF!
A2: =CONCATENATE(#REF!," : ",#REF!) -> #REF!
A3: Thématique | B3: Critère | C3: Recommandation | D3: Statut | E3: Dérogation | F3: Modifications à apporter | G3: Commentaires en cas de dérogations
A4: =Critères!$A$3 -> IMAGES | B4: =Critères!B3 -> 1.1 | C4: =Critères!C3 -> Chaque image porteuse d’information a-t-elle une alternative textuelle ? | D4: NT | E4: N
B5: =Critères!B4 -> 1.2 | C5: =Critères!C4 -> Chaque image de décoration est-elle correctement ignorée par les technologies d’assistance ? | D5: NT | E5: N
B6: =Critères!B5 -> 1.3 | C6: =Critères!C5 -> Pour chaque image porteuse d'information ayant une alternative textuelle, cette alternative est-elle pertinente (hors cas particuliers) ? | D6: NT | E6: N
B7: =Critères!B6 -> 1.4 | C7: =Critères!C6 -> Pour chaque image utilisée comme CAPTCHA ou comme image-test, ayant une alternative textuelle, cette alternative permet-elle d’identifier la nature et la fonction de l’image ? | D7: NT | E7: N
B8: =Critères!B7 -> 1.5 | C8: =Critères!C7 -> Pour chaque image utilisée comme CAPTCHA, une solution d’accès alternatif au contenu ou à la fonction du CAPTCHA est-elle présente ? | D8: NT | E8: N
B9: =Critères!B8 -> 1.6 | C9: =Critères!C8 -> Chaque image porteuse d’information a-t-elle, si nécessaire, une description détaillée ? | D9: NT | E9: N
B10: =Critères!B9 -> 1.7 | C10: =Critères!C9 -> Pour chaque image porteuse d’information ayant une description détaillée, cette description est-elle pertinente ? | D10: NT | E10: N
B11: =Critères!B10 -> 1.8 | C11: =Critères!C10 -> Chaque image texte porteuse d’information, en l’absence d’un mécanisme de remplacement, doit si possible être remplacée par du texte stylé. Cette règle est-elle respectée (hors cas particuliers) ? | D11: NT | E11: N
B12: =Critères!B11 -> 1.9 | C12: =Critères!C11 -> Chaque légende d’image est-elle, si nécessaire, correctement reliée à l’image correspondante ? | D12: NT | E12: N
A13: =Critères!$A$13 -> CADRES | B13: =Critères!B13 -> 2.1 | C13: =Critères!C13 -> Chaque cadre a-t-il un titre de cadre ? | D13: NT | E13: N
B14: =Critères!B14 -> 2.2 | C14: =Critères!C14 -> Pour chaque cadre ayant un titre de cadre, ce titre de cadre est-il pertinent ? | D14: NT | E14: N
A15: =Critères!$A$16 -> COULEURS | B15: =Critères!B16 -> 3.1 | C15: =Critères!C16 -> Dans chaque page web, l’information ne doit pas être donnée uniquement par la couleur. Cette règle est-elle respectée ? | D15: NT | E15: N
B16: =Critères!B17 -> 3.2 | C16: =Critères!C17 -> Dans chaque page web, le contraste entre la couleur du texte et la couleur de son arrière-plan est-il suffisamment élevé (hors cas particuliers) ? | D16: NT | E16: N
B17: =Critères!B18 -> 3.3 | C17: =Critères!C18 -> Dans chaque page web, les couleurs utilisées dans les composants d’interface ou les éléments graphiques porteurs d’informations sont-elles suffisamment contrastées (hors cas particuliers) ? | D17: NT | E17: N
A18: =Critères!$A$20 -> MULTIMÉDIA | B18: =Critères!B20 -> 4.1 | C18: =Critères!C20 -> Chaque média temporel pré-enregistré a-t-il, si nécessaire, une transcription textuelle ou une audiodescription (hors cas particuliers) ? | D18: NT | E18: N
B19: =Critères!B21 -> 4.2 | C19: =Critères!C21 -> Pour chaque média temporel pré-enregistré ayant une transcription textuelle ou une audiodescription synchronisée, celles-ci sont-elles pertinentes (hors cas particuliers) ? | D19: NT | E19: N
B20: =Critères!B22 -> 4.3 | C20: =Critères!C22 -> Chaque média temporel synchronisé pré-enregistré a-t-il, si nécessaire, des sous-titres synchronisés (hors cas particuliers) ? | D20: NT | E20: N
B21: =Critères!B23 -> 4.4 | C21: =Critères!C23 -> Pour chaque média temporel synchronisé pré-enregistré ayant des sous-titres synchronisés, ces sous-titres sont-ils pertinents ? | D21: NT | E21: N
B22: =Critères!B24 -> 4.5 | C22: =Critères!C24 -> Chaque média temporel pré-enregistré a-t-il, si nécessaire, une audiodescription synchronisée (hors cas particuliers) ? | D22: NT | E22: N
B23: =Critères!B25 -> 4.6 | C23: =Critères!C25 -> Pour chaque média temporel pré-enregistré ayant une audiodescription synchronisée, celle-ci est-elle pertinente ? | D23: NT | E23: N
B24: =Critères!B26 -> 4.7 | C24: =Critères!C26 -> Chaque média temporel est-il clairement identifiable (hors cas particuliers) ? | D24: NT | E24: N
B25: =Critères!B27 -> 4.8 | C25: =Critères!C27 -> Chaque média non temporel a-t-il, si nécessaire, une alternative (hors cas particuliers) ? | D25: NT | E25: N
B26: =Critères!B28 -> 4.9 | C26: =Critères!C28 -> Pour chaque média non temporel ayant une alternative, cette alternative est-elle pertinente ? | D26: NT | E26: N
B27: =Critères!B29 -> 4.10 | C27: =Critères!C29 -> Chaque son déclenché automatiquement est-il contrôlable par l’utilisateur ? | D27: NT | E27: N
B28: =Critères!B30 -> 4.11 | C28: =Critères!C30 -> La consultation de chaque média temporel est-elle, si nécessaire, contrôlable par le clavier et tout dispositif de pointage ? | D28: NT | E28: N
B29: =Critères!B31 -> 4.12 | C29: =Critères!C31 -> La consultation de chaque média non temporel est-elle contrôlable par le clavier et tout dispositif de pointage ? | D29: NT | E29: N
B30: =Critères!B32 -> 4.13 | C30: =Critères!C32 -> Chaque média temporel et non temporel est-il compatible avec les technologies d’assistance (hors cas particuliers) ? | D30: NT | E30: N
A31: =Critères!$A$34 -> TABLEAUX | B31: =Critères!B34 -> 5.1 | C31: =Critères!C34 -> Chaque tableau de données complexe a-t-il un résumé ? | D31: NT | E31: N
B32: =Critères!B35 -> 5.2 | C32: =Critères!C35 -> Pour chaque tableau de données complexe ayant un résumé, celui-ci est-il pertinent ? | D32: NT | E32: N
B33: =Critères!B36 -> 5.3 | C33: =Critères!C36 -> Pour chaque tableau de mise en forme, le contenu linéarisé reste-t-il compréhensible ? | D33: NT | E33: N
B34: =Critères!B37 -> 5.4 | C34: =Critères!C37 -> Pour chaque tableau de données ayant un titre, le titre est-il correctement associé au tableau de données ? | D34: NT | E34: N
B35: =Critères!B38 -> 5.5 | C35: =Critères!C38 -> Pour chaque tableau de données ayant un titre, celui-ci est-il pertinent ? | D35: NT | E35: N
B36: =Critères!B39 -> 5.6 | C36: =Critères!C39 -> Pour chaque tableau de données, chaque en-tête de colonnes et chaque en-tête de lignes sont-ils correctement déclarés ? | D36: NT | E36: N
B37: =Critères!B40 -> 5.7 | C37: =Critères!C40 -> Pour chaque tableau de données, la technique appropriée permettant d’associer chaque cellule avec ses en-têtes est-elle utilisée (hors cas particuliers) ? | D37: NT | E37: N
B38: =Critères!B41 -> 5.8 | C38: =Critères!C41 -> Chaque tableau de mise en forme ne doit pas utiliser d’éléments propres aux tableaux de données. Cette règle est-elle respectée ? | D38: NT | E38: N
A39: =Critères!$A$43 -> LIENS | B39: =Critères!B43 -> 6.1 | C39: =Critères!C43 -> Chaque lien est-il explicite (hors cas particuliers) ? | D39: NT | E39: N
B40: =Critères!B44 -> 6.2 | C40: =Critères!C44 -> Dans chaque page web, chaque lien a-t-il un intitulé ? | D40: NT | E40: N
A41: =Critères!$A$46 -> SCRIPTS | B41: =Critères!B46 -> 7.1 | C41: =Critères!C46 -> Chaque script est-il, si nécessaire, compatible avec les technologies d’assistance ? | D41: NT | E41: N
B42: =Critères!B47 -> 7.2 | C42: =Critères!C47 -> Pour chaque script ayant une alternative, cette alternative est-elle pertinente ? | D42: NT | E42: N
B43: =Critères!B48 -> 7.3 | C43: =Critères!C48 -> Chaque script est-il contrôlable par le clavier et par tout dispositif de pointage (hors cas particuliers) ? | D43: NT | E43: N
B44: =Critères!B49 -> 7.4 | C44: =Critères!C49 -> Pour chaque script qui initie un changement de contexte, l’utilisateur est-il averti ou en a-t-il le contrôle ? | D44: NT | E44: N
B45: =Critères!B50 -> 7.5 | C45: =Critères!C50 -> Dans chaque page web, les messages de statut sont-ils correctement restitués par les technologies d’assistance ? | D45: NT | E45: N
A46: =Critères!$A$52 -> ÉLÉMENTS OBLIGATOIRES | B46: =Critères!B52 -> 8.1 | C46: =Critères!C52 -> Chaque page web est-elle définie par un type de document ? | D46: NT | E46: N
B47: =Critères!B53 -> 8.2 | C47: =Critères!C53 -> Pour chaque page web, le code source généré est-il valide selon le type de document spécifié (hors cas particuliers) ? | D47: NT | E47: N
B48: =Critères!B54 -> 8.3 | C48: =Critères!C54 -> Dans chaque page web, la langue par défaut est-elle présente ? | D48: NT | E48: N
B49: =Critères!B55 -> 8.4 | C49: =Critères!C55 -> Pour chaque page web ayant une langue par défaut, le code de langue est-il pertinent ? | D49: NT | E49: N
B50: =Critères!B56 -> 8.5 | C50: =Critères!C56 -> Chaque page web a-t-elle un titre de page ? | D50: NT | E50: N
B51: =Critères!B57 -> 8.6 | C51: =Critères!C57 -> Pour chaque page web ayant un titre de page, ce titre est-il pertinent ? | D51: NT | E51: N
B52: =Critères!B58 -> 8.7 | C52: =Critères!C58 -> Dans chaque page web, chaque changement de langue est-il indiqué dans le code source (hors cas particuliers) ? | D52: NT | E52: N
B53: =Critères!B59 -> 8.8 | C53: =Critères!C59 -> Dans chaque page web, le code de langue de chaque changement de langue est-il valide et pertinent ? | D53: NT | E53: N
B54: =Critères!B60 -> 8.9 | C54: =Critères!C60 -> Dans chaque page web, les balises ne doivent pas être utilisées uniquement à des fins de présentation. Cette règle est-elle respectée ? | D54: NT | E54: N
B55: =Critères!B61 -> 8.10 | C55: =Critères!C61 -> Dans chaque page web, les changements du sens de lecture sont-ils signalés ? | D55: NT | E55: N
A56: =Critères!$A$63 -> STRUCTURATION | B56: =Critères!B63 -> 9.1 | C56: =Critères!C63 -> Dans chaque page web, l’information est-elle structurée par l’utilisation appropriée de titres ? | D56: NT | E56: N
B57: =Critères!B64 -> 9.2 | C57: =Critères!C64 -> Dans chaque page web, la structure du document est-elle cohérente (hors cas particuliers) ? | D57: NT | E57: N
B58: =Critères!B65 -> 9.3 | C58: =Critères!C65 -> Dans chaque page web, chaque liste est-elle correctement structurée ? | D58: NT | E58: N
B59: =Critères!B66 -> 9.4 | C59: =Critères!C66 -> Dans chaque page web, chaque citation est-elle correctement indiquée ? | D59: NT | E59: N
A60: =Critères!$A$68 -> PRÉSENTATION | B60: =Critères!B68 -> 10.1 | C60: =Critères!C68 -> Dans le site web, des feuilles de styles sont-elles utilisées pour contrôler la présentation de l’information ? | D60: NT | E60: N
B61: =Critères!B69 -> 10.2 | C61: =Critères!C69 -> Dans chaque page web, le contenu visible porteur d’information reste-t-il présent lorsque les feuilles de styles sont désactivées ? | D61: NT | E61: N
B62: =Critères!B70 -> 10.3 | C62: =Critères!C70 -> Dans chaque page web, l’information reste-t-elle compréhensible lorsque les feuilles de styles sont désactivées ? | D62: NT | E62: N
B63: =Critères!B71 -> 10.4 | C63: =Critères!C71 -> Dans chaque page web, le texte reste-t-il lisible lorsque la taille des caractères est augmentée jusqu’à 200%, au moins (hors cas particuliers) ? | D63: NT | E63: N
B64: =Critères!B72 -> 10.5 | C64: =Critères!C72 -> Dans chaque page web, les déclarations CSS de couleurs de fond d’élément et de police sont-elles correctement utilisées ? | D64: NT | E64: N
B65: =Critères!B73 -> 10.6 | C65: =Critères!C73 -> Dans chaque page web, chaque lien dont la nature n’est pas évidente est-il visible par rapport au texte environnant ? | D65: NT | E65: N
B66: =Critères!B74 -> 10.7 | C66: =Critères!C74 -> Dans chaque page web, pour chaque élément recevant le focus, la prise de focus est-elle visible ? | D66: NT | E66: N
B67: =Critères!B75 -> 10.8 | C67: =Critères!C75 -> Pour chaque page web, les contenus cachés ont-ils vocation à être ignorés par les technologies d’assistance ? | D67: NT | E67: N
B68: =Critères!B76 -> 10.9 | C68: =Critères!C76 -> Dans chaque page web, l’information ne doit pas être donnée uniquement par la forme, taille ou position. Cette règle est-elle respectée ? | D68: NT | E68: N
B69: =Critères!B77 -> 10.10 | C69: =Critères!C77 -> Dans chaque page web, l’information ne doit pas être donnée par la forme, taille ou position uniquement. Cette règle est-elle implémentée de façon pertinente ? | D69: NT | E69: N
B70: =Critères!B78 -> 10.11 | C70: =Critères!C78 -> Pour chaque page web, les contenus peuvent-ils être présentés sans perte d’information ou de fonctionnalité et sans avoir recours soit à un défilement vertical pour une fenêtre ayant une hauteur de 256 px, soit à un défilement horizontal pour une fenêtre ayant une largeur de 320 px (hors cas particuliers) ? | D70: NT | E70: N
B71: =Critères!B79 -> 10.12 | C71: =Critères!C79 -> Dans chaque page web, les propriétés d’espacement du texte peuvent-elles être redéfinies par l’utilisateur sans perte de contenu ou de fonctionnalité (hors cas particuliers) ? | D71: NT | E71: N
B72: =Critères!B80 -> 10.13 | C72: =Critères!C80 -> Dans chaque page web, les contenus additionnels apparaissant à la prise de focus ou au survol d’un composant d’interface sont-ils contrôlables par l’utilisateur (hors cas particuliers) ? | D72: NT | E72: N
B73: =Critères!B81 -> 10.14 | C73: =Critères!C81 -> Dans chaque page web, les contenus additionnels apparaissant via les styles CSS uniquement peuvent-ils être rendus visibles au clavier et par tout dispositif de pointage ? | D73: NT | E73: N
A74: =Critères!$A$83 -> FORMULAIRES | B74: =Critères!B83 -> 11.1 | C74: =Critères!C83 -> Chaque champ de formulaire a-t-il une étiquette ? | D74: NT | E74: N
B75: =Critères!B84 -> 11.2 | C75: =Critères!C84 -> Chaque étiquette associée à un champ de formulaire est-elle pertinente (hors cas particuliers) ? | D75: NT | E75: N
B76: =Critères!B85 -> 11.3 | C76: =Critères!C85 -> Dans chaque formulaire, chaque étiquette associée à un champ de formulaire ayant la même fonction et répété plusieurs fois dans une même page ou dans un ensemble de pages est-elle cohérente ? | D76: NT | E76: N
B77: =Critères!B86 -> 11.4 | C77: =Critères!C86 -> Dans chaque formulaire, chaque étiquette de champ et son champ associé sont-ils accolés (hors cas particuliers) ? | D77: NT | E77: N
B78: =Critères!B87 -> 11.5 | C78: =Critères!C87 -> Dans chaque formulaire, les champs de même nature sont-ils regroupés, si nécessaire ? | D78: NT | E78: N
B79: =Critères!B88 -> 11.6 | C79: =Critères!C88 -> Dans chaque formulaire, chaque regroupement de champs de même nature a-t-il une légende ? | D79: NT | E79: N
B80: =Critères!B89 -> 11.7 | C80: =Critères!C89 -> Dans chaque formulaire, chaque légende associée à un regroupement de champs de même nature est-elle pertinente ? | D80: NT | E80: N
B81: =Critères!B90 -> 11.8 | C81: =Critères!C90 -> Dans chaque formulaire, les items de même nature d’une liste de choix sont-ils regroupées de manière pertinente ? | D81: NT | E81: N
B82: =Critères!B91 -> 11.9 | C82: =Critères!C91 -> Dans chaque formulaire, l’intitulé de chaque bouton est-il pertinent (hors cas particuliers) ? | D82: NT | E82: N
B83: =Critères!B92 -> 11.10 | C83: =Critères!C92 -> Dans chaque formulaire, le contrôle de saisie est-il utilisé de manière pertinente (hors cas particuliers) ? | D83: NT | E83: N
B84: =Critères!B93 -> 11.11 | C84: =Critères!C93 -> Dans chaque formulaire, le contrôle de saisie est-il accompagné, si nécessaire, de suggestions facilitant la correction des erreurs de saisie ? | D84: NT | E84: N
B85: =Critères!B94 -> 11.12 | C85: =Critères!C94 -> Pour chaque formulaire qui modifie ou supprime des données, ou qui transmet des réponses à un test ou à un examen, ou dont la validation a des conséquences financières ou juridiques, les données saisies peuvent-elles être modifiées, mises à jour ou récupérées par l’utilisateur ? | D85: NT | E85: N
B86: =Critères!B95 -> 11.13 | C86: =Critères!C95 -> La finalité d’un champ de saisie peut-elle être déduite pour faciliter le remplissage automatique des champs avec les données de l’utilisateur ? | D86: NT | E86: N
A87: =Critères!$A$97 -> NAVIGATION | B87: =Critères!B97 -> 12.1 | C87: =Critères!C97 -> Chaque ensemble de pages dispose-t-il de deux systèmes de navigation différents, au moins (hors cas particuliers) ? | D87: NT | E87: N
B88: =Critères!B98 -> 12.2 | C88: =Critères!C98 -> Dans chaque ensemble de pages, le menu et les barres de navigation sont-ils toujours à la même place (hors cas particuliers) ? | D88: NT | E88: N
B89: =Critères!B99 -> 12.3 | C89: =Critères!C99 -> La page « plan du site » est-elle pertinente ? | D89: NT | E89: N
B90: =Critères!B100 -> 12.4 | C90: =Critères!C100 -> Dans chaque ensemble de pages, la page « plan du site » est-elle atteignable de manière identique ? | D90: NT | E90: N
B91: =Critères!B101 -> 12.5 | C91: =Critères!C101 -> Dans chaque ensemble de pages, le moteur de recherche est-il atteignable de manière identique ? | D91: NT | E91: N
B92: =Critères!B102 -> 12.6 | C92: =Critères!C102 -> Les zones de regroupement de contenus présentes dans plusieurs pages web (zones d’en-tête, de navigation principale, de contenu principal, de pied de page et de moteur de recherche) peuvent-elles être atteintes ou évitées ? | D92: NT | E92: N
B93: =Critères!B103 -> 12.7 | C93: =Critères!C103 -> Dans chaque page web, un lien d’évitement ou d’accès rapide à la zone de contenu principal est-il présent (hors cas particuliers) ? | D93: NT | E93: N
B94: =Critères!B104 -> 12.8 | C94: =Critères!C104 -> Dans chaque page web, l’ordre de tabulation est-il cohérent ? | D94: NT | E94: N
B95: =Critères!B105 -> 12.9 | C95: =Critères!C105 -> Dans chaque page web, la navigation ne doit pas contenir de piège au clavier. Cette règle est-elle respectée ? | D95: NT | E95: N
B96: =Critères!B106 -> 12.10 | C96: =Critères!C106 -> Dans chaque page web, les raccourcis clavier n’utilisant qu’une seule touche (lettre minuscule ou majuscule, ponctuation, chiffre ou symbole) sont-ils contrôlables par l’utilisateur ? | D96: NT | E96: N
B97: =Critères!B107 -> 12.11 | C97: =Critères!C107 -> Dans chaque page web, les contenus additionnels apparaissant au survol, à la prise de focus ou à l’activation d’un composant d’interface sont-ils si nécessaire atteignables au clavier ? | D97: NT | E97: N
A98: =Critères!$A$109 -> CONSULTATION | B98: =Critères!B109 -> 13.1 | C98: =Critères!C109 -> Pour chaque page web, l’utilisateur a-t-il le contrôle de chaque limite de temps modifiant le contenu (hors cas particuliers) ? | D98: NT | E98: N
B99: =Critères!B110 -> 13.2 | C99: =Critères!C110 -> Dans chaque page web, l’ouverture d’une nouvelle fenêtre ne doit pas être déclenchée sans action de l’utilisateur. Cette règle est-elle respectée ? | D99: NT | E99: N
B100: =Critères!B111 -> 13.3 | C100: =Critères!C111 -> Dans chaque page web, chaque document bureautique en téléchargement possède-t-il, si nécessaire, une version accessible (hors cas particuliers) ? | D100: NT | E100: N
...
